card,reports, age , income , share , expenditure ,owner,selfemp,dependents,months,majorcards,active
yes,0, 37.67 , 4.52 , 0.03 , 124.98 ,yes,no,3,54,1,12
yes,0, 33.25 , 2.42 , 0.01 , 9.85 ,no,no,3,34,1,13
yes,0, 33.67 , 4.50 , 0.00 , 15.00 ,yes,no,4,58,1,5
yes,0, 30.50 , 2.54 , 0.07 , 137.87 ,no,no,0,25,1,7
yes,0, 32.17 , 9.79 , 0.07 , 546.50 ,yes,no,2,64,1,5
yes,0, 23.25 , 2.50 , 0.04 , 92.00 ,no,no,0,54,1,1
yes,0, 27.92 , 3.96 , 0.01 , 40.83 ,no,no,2,7,1,5
yes,0, 29.17 , 2.37 , 0.08 , 150.79 ,yes,no,0,77,1,3
yes,0, 37.00 , 3.80 , 0.25 , 777.82 ,yes,no,0,97,1,6
yes,0, 28.42 , 3.20 ,0.02, 52.58 ,no,no,0,65,1,18
yes,0, 30.50 , 3.95 , 0.08 , 256.66 ,yes,no,1,24,1,20
no,0, 42.00 , 1.98 , 0.00 , -   ,yes,no,2,36,1,0
no,0, 30.00 , 1.73 , 0.00 , -   ,yes,no,1,42,0,12
yes,0, 28.83 , 2.45 , 0.04 ,78.87417,yes,no,0,26,1,3
yes,0, 35.33 , 1.9080000000000001 , 0.03 , 42.62 ,yes,no,2,120,0,5
yes,0, 41.17 , 3.20 , 0.13 , 335.44 ,yes,no,1,168,1,22
yes,0, 40.08 , 4.00 , 0.07 , 248.72 ,yes,no,2,96,1,0
no,7, 29.50 , 3.00 , 0.00 , -   ,yes,no,2,60,1,8
yes,0, 39.50 , 10.00 , 0.07 , 548.04 ,yes,yes,0,28,1,0
no,3, 45.75 , 3.40 , 0.00 , -   ,no,no,0,28,1,10
yes,0, 35.25 , 2.35 , 0.02 , 43.34 ,yes,no,2,115,1,1
no,1, 25.17 , 1.88 , 0.00 , -   ,no,no,2,7,0,2
yes,0, 34.25 , 2.00 , 0.13111199999999998 , 218.52 ,yes,no,0,12,1,0
yes,1, 35.75 , 4.00 , 0.05 , 170.64 ,no,no,2,18,1,22
yes,0, 42.67 , 5.14 , 0.01 , 37.58 ,yes,no,2,13,1,17
yes,0, 30.25 , 4.51 , 0.13 , 502.20 ,no,no,2,38,1,7
no,0, 21.67 , 3.84 , 0.00 , -   ,no,yes,1,12,0,1
yes,0, 22.25 , 1.50 , 0.06 , 73.18 ,no,no,0,64,1,6
no,0, 34.25 , 2.50 , 0.00 , -   ,yes,no,1,12,1,0
yes,0, 40.00 , 5.50 , 0.33445959999999997 ," 1,532.77 ",yes,no,4,74,1,19
yes,0, 21.83 , 2.03 , 0.03 , 42.69 ,no,no,0,9,0,5
yes,1, 29.42 , 3.20 , 0.16 , 417.84 ,no,no,0,14,1,6
no,1, 24.92 , 3.15 , 0.00 , -   ,yes,no,1,40,1,5
yes,0, 21.00 , 2.47 , 0.26893279999999997 , 552.72 ,yes,no,1,12,1,10
yes,0, 23.83 , 3.00 , 0.09 , 222.54 ,no,no,0,12,1,5
yes,0, 42.83 , 3.54 , 0.18 , 541.30 ,yes,no,6,108,1,15
no,0, 42.58 , 2.28 , 0.00 , -   ,no,no,2,46,1,0
yes,0, 36.58 , 5.70 , 0.11974189999999998 , 568.77 ,yes,no,1,36,1,16
yes,0, 26.75 , 3.50 , 0.11810430000000001 , 344.47 ,no,no,0,2,1,14
yes,0, 27.75 , 4.60 , 0.10574389999999999 , 405.35 ,yes,no,4,28,1,13
yes,0, 26.25 , 3.00 , 0.12 , 310.94 ,yes,no,0,7,1,10
yes,0, 23.33 , 2.59 , 0.03 , 53.65 ,no,no,0,8,1,1
yes,0, 29.92 , 1.51 , 0.05 ,63.91667,no,no,1,7,0,1
yes,0, 30.00 , 1.85 , 0.11 , 165.86 ,no,no,0,60,1,12
yes,0, 38.33 , 2.60 , 0.00 , 9.58 ,no,no,0,12,1,1
no,0, 28.17 , 1.80 , 0.00 , -   ,no,yes,2,26,1,2
yes,0, 35.58 , 2.00 , 0.19 , 319.49 ,no,no,0,156,1,4
no,0, 37.75 , 3.26 , 0.00 , -   ,no,no,1,98,0,1
yes,0, 26.08 , 2.35 , 0.04 , 83.08 ,no,no,1,30,0,2
yes,0, 27.75 , 7.00 , 0.11 , 644.83 ,yes,no,0,0,1,13
no,0, 49.75 , 3.60 , 0.00 , -   ,no,no,2,12,0,0
yes,0, 24.25 , 2.00 , 0.06 , 93.20 ,no,no,0,18,1,12
yes,0, 20.67 , 1.70 , 0.07 , 105.05 ,no,no,0,6,1,4
yes,0, 23.75 , 2.80 , 0.01 , 34.13 ,no,no,2,48,1,8
yes,0, 25.75 , 2.40 , 0.02 ,41.18917,no,no,0,34,1,2
yes,1, 32.92 , 3.00 , 0.07 , 169.89 ,no,no,0,216,0,5
yes,0, 34.33 , 4.80 , 0.47450829999999994 ," 1,898.03 ",no,no,3,12,1,1
yes,0, 33.25 , 3.18 , 0.30580820000000003 , 810.39 ,no,no,4,18,0,3
no,0, 44.67 , 1.80 , 0.00 , -   ,no,no,2,33,0,0
yes,0, 21.17 , 1.50 , 0.03 , 32.78 ,no,no,0,20,1,4
yes,2, 25.08 , 3.00 , 0.038452999999999994 , 95.80 ,no,no,0,8,0,4
yes,0, 27.17 , 2.28 , 0.01 , 27.78 ,no,no,3,36,1,5
yes,0, 26.42 , 2.80 , 0.09 , 215.07 ,no,no,1,12,1,16
yes,0, 22.00 , 2.70 , 0.04 , 79.51 ,no,no,0,3,1,0
no,3, 27.33 , 4.90 , 0.00 , -   ,yes,no,2,16,1,15
no,0, 26.17 , 2.50 , 0.00 , -   ,no,yes,0,18,0,0
yes,0, 40.75 , 6.00 , 0.06 , 306.03 ,no,yes,2,182,1,16
yes,0, 42.08 , 3.90 , 0.03 , 104.54 ,no,no,0,78,1,2
no,0, 21.67 , 5.10 , 0.00 , -   ,no,no,0,25,1,0
yes,0, 24.67 , 3.07 , 0.25 , 642.47 ,no,no,0,4,1,0
yes,0, 30.75 , 2.46 , 0.15 , 308.05 ,yes,no,2,53,1,16
yes,0, 27.42 , 2.00 , 0.11 , 186.35 ,no,no,0,9,1,5
yes,0, 33.00 , 3.25 , 0.02 , 56.15 ,no,no,2,144,0,2
yes,0, 37.33 , 2.73 , 0.06 , 129.37 ,no,no,2,13,1,14
yes,0, 26.58 , 2.20 , 0.05 , 93.11 ,no,no,0,144,1,10
no,1, 24.33 , 4.10 , 0.00 , -   ,no,no,1,5,0,4
yes,0, 24.25 , 3.75 , 0.09 , 292.66 ,no,no,0,18,1,11
yes,0, 25.25 , 2.88 , 0.04 , 98.46415999999999 ,no,no,0,7,1,0
yes,0, 0.50 , 3.05 , 0.10 , 258.55 ,no,no,1,94,1,5
yes,0, 32.83 , 2.55 , 0.05 , 101.68 ,no,no,2,6,1,18
no,0, 32.75 , 4.00 , 0.00 , -   ,no,no,2,25,1,0
yes,1, 54.583330000000004 , 2.64 , 0.03 , 65.25 ,yes,no,1,78,1,19
yes,0, 19.58 , 1.65 , 0.08 , 108.61 ,no,no,0,37,1,8
yes,0, 29.33 , 2.40 , 0.02 , 49.56 ,no,no,0,30,1,4
no,3, 40.17 , 3.71 , 0.00 , -   ,no,no,2,15,1,11
yes,0, 40.75 , 7.24 , 0.04 , 235.57 ,yes,no,2,177,1,13
no,0, 41.25 , 4.39 , 0.00 , -   ,yes,no,3,172,1,9
no,0, 34.50 , 3.30 , 0.00 , -   ,yes,no,2,33,0,18
no,0, 23.67 , 2.3040000000000003 , 0.00 , -   ,no,no,1,12,1,0
no,1, 53.666669999999996 , 4.18 , 0.00 , -   ,no,no,1,288,1,2
no,2, 34.00 , 2.49 , 0.00 , -   ,no,no,1,87,1,3
no,0, 44.92 , 2.81 , 0.00 , -   ,yes,no,5,4,1,0
yes,0, 43.42 , 2.40 , 0.03 , 68.38 ,no,no,0,12,1,0
no,4, 35.17 , 1.50 , 0.00 , -   ,no,no,1,7,1,9
no,2, 35.83 , 8.40 , 0.00 , -   ,no,no,2,69,1,12
yes,0, 21.67 , 1.56 , 0.00 , -   ,no,no,0,12,1,2
yes,1, 32.67 , 6.00 , 0.09 , 474.15 ,yes,no,0,48,1,6
yes,1, 25.42 , 3.60 , 0.08 , 234.05 ,no,no,2,12,1,4
yes,0, 26.25 , 5.00 , 0.11 , 451.21 ,yes,no,0,5,1,16
yes,0, 46.00 , 5.50 , 0.05 , 251.52 ,yes,no,2,161,1,7
yes,1, 35.00 , 10.00 , 0.11010589999999999 , 917.54 ,yes,no,0,72,1,29
no,0, 35.00 , 4.55 , 0.00 , -   ,yes,no,3,36,1,15
no,0, 20.92 , 2.90 , 0.00 , -   ,no,no,0,36,1,3
yes,0, 25.17 , 1.80 , 0.10 , 147.72 ,no,no,0,1,0,9
yes,0, 31.25 , 4.20 , 0.05 , 166.73 ,yes,no,0,53,1,0
yes,0, 23.17 , 3.92 , 0.23 , 741.50 ,no,no,0,16,1,0
yes,0, 23.00 , 3.63 , 0.04 , 106.17 ,no,no,1,51,0,6
yes,0, 24.83 , 2.48 , 0.13 , 271.47 ,no,no,0,18,1,0
yes,0, 40.92 , 10.00 , 0.08 , 635.05 ,yes,no,3,120,1,17
yes,0, 43.67 , 10.04 , 0.02 , 182.83 ,yes,no,1,12,1,18
yes,0, 23.08 , 2.95 , 0.04 , 89.37 ,yes,no,0,12,1,17
yes,0, 41.92 , 5.00 , 0.24 , 1011.3330000000001 ,no,no,1,36,1,5
yes,0, 28.17 , 2.40 , 0.11 , 227.37 ,no,no,0,1,1,29
yes,0, 45.58 , 13.50 , 0.01 , 115.42 ,yes,no,2,126,1,9
no,3, 25.92 , 4.00 , 0.00 , -   ,no,no,0,36,0,5
yes,1, 37.33 , 3.90 , 0.09 , 297.97 ,no,no,0,51,1,4
yes,1, 37.67 , 2.00 , 0.06 , 101.26 ,yes,no,3,42,1,3
yes,0, 30.25 , 2.15 , 0.03 , 56.69416999999999 ,no,no,0,12,1,4
yes,0, 21.25 , 3.00 , 0.03 , 77.36 ,no,no,2,18,0,2
yes,0, 40.08 , 4.30 , 0.03 , 122.52 ,no,no,0,108,1,4
no,4, 23.42 , 10.00 , 0.00 , -   ,no,no,2,27,1,5
yes,0, 21.83 , 2.50 , 0.01 , 13.40 ,no,no,0,32,1,3
yes,0, 22.17 , 3.00 , 0.05 , 127.53 ,no,no,0,120,1,11
yes,0, 40.83 , 2.60 , 0.00 , 8.33 ,yes,no,0,52,1,3
yes,1, 18.67 , 1.66 , 0.06 , 78.43 ,yes,no,0,51,1,2
yes,0, 34.33 , 4.50 , 0.00 , 11.17 ,yes,yes,4,30,1,6
yes,0, 25.08 , 5.00 , 0.03 , 131.88 ,no,no,0,38,1,16
yes,0, 20.08 , 1.74 , 0.19194660000000002 , 277.99 ,no,no,0,8,1,11
yes,0, 24.75 , 1.88 , 0.08 , 126.02 ,no,no,1,14,0,1
yes,0, 41.92 , 3.00 , 0.10 , 238.86 ,yes,no,3,120,0,0
no,5, 31.08 , 4.20 , 0.00 , -   ,no,no,3,52,0,19
no,0, 53.333330000000004 , 4.90 , 0.00 , -   ,yes,yes,0,108,0,1
yes,0, 24.25 , 2.13 , 0.02 , 37.08 ,no,no,1,13,1,4
no,1, 25.42 , 1.70 , 0.00 , -   ,no,no,2,8,0,11
yes,0, 21.83 , 1.68 , 0.11 , 156.58 ,no,no,0,18,0,2
no,0, 20.58 , 2.64 , 0.00 , -   ,no,no,3,7,1,1
yes,0, 18.42 , 1.9680000000000002 , 0.01 , 9.75 ,no,no,0,114,0,2
yes,0, 22.00 , 3.30 , 0.04 , 108.40 ,no,no,0,6,1,8
yes,0, 21.42 , 1.59 , 0.21 , 271.55 ,no,no,0,180,1,16
yes,0, 42.00 , 3.60 , 0.02 , 53.301669999999994 ,no,yes,0,41,0,14
yes,0, 36.42 , 3.00 , 0.11 , 282.56 ,no,no,2,16,1,6
yes,0, 41.50 , 3.80 , 0.08 , 263.33 ,no,no,0,67,1,4
yes,0, 26.50 , 3.36 , 0.00 , 6.52 ,no,no,0,12,1,4
no,2, 33.17 , 2.32 , 0.00 , -   ,no,no,0,62,0,3
yes,0, 43.08 , 7.80 , 0.01 , 43.04 ,yes,no,0,60,0,2
yes,0, 30.33 , 2.50 , 0.04 , 73.80 ,yes,yes,3,30,1,9
yes,0, 25.08 , 1.50 , 0.01 , 15.416670000000002 ,no,no,1,12,1,7
yes,0, 35.67 , 3.58 , 0.10 , 313.35 ,yes,no,1,84,1,10
yes,1, 44.50 , 4.00 , 0.02 , 59.19416999999999 ,yes,no,0,36,1,13
yes,3, 43.25 , 6.72 , 0.03 , 176.00 ,yes,no,3,30,1,27
yes,2, 50.00 , 4.30 , 0.04 , 129.39 ,yes,yes,1,264,1,15
yes,0, 31.75 , 3.50 , 0.01 , 30.37 ,yes,no,1,36,1,5
no,1, 43.25 , 3.95 , 0.00 , -   ,yes,no,2,27,1,4
no,5, 27.17 , 4.00 , 0.00 , -   ,yes,no,0,37,1,7
yes,0, 24.92 , 2.40 , 0.23063000000000003 , 461.26 ,no,no,1,164,0,1
yes,0, 49.67 , 2.70 , 0.09 , 199.73 ,yes,no,0,120,0,3
yes,0, 28.33 , 6.60 , 0.01 , 38.71 ,no,no,2,55,1,7
yes,0, 26.50 , 2.70 , 0.04 , 92.26 ,no,no,0,18,1,0
yes,0, 29.42 , 4.10 , 0.04 , 145.38 ,no,no,0,13,1,0
yes,0, 71.83 , 7.7010000000000005 , 0.06 , 400.91 ,yes,no,1,24,1,9
yes,0, 24.50 , 2.80 , 0.06 , 138.71 ,no,no,0,5,1,0
yes,0, 25.08 , 3.12 , 0.04 , 110.30 ,no,no,2,3,1,6
yes,0, 24.92 , 2.30 , 0.03 , 54.64666999999999 ,no,no,0,30,1,2
yes,0, 30.08 , 3.67 , 0.00 , 4.5833330000000005 ,yes,no,0,57,1,3
no,0, 32.58 , 6.50 , 0.00 , -   ,yes,no,0,50,1,6
yes,0, 23.08 , 2.56 , 0.15 , 320.52 ,no,no,1,11,1,2
yes,0, 48.92 , 3.50 , 0.07 , 197.92 ,yes,no,0,48,1,9
yes,0, 25.33 , 3.24 , 0.03 , 68.87 ,no,no,0,30,1,19
yes,0, 25.33 , 3.48 , 0.05 , 148.26 ,yes,no,0,14,1,5
yes,0, 24.92 , 2.94 , 0.03 , 68.53 ,no,no,0,14,1,0
no,1, 29.17 , 2.48 , 0.00 , -   ,no,no,1,12,0,5
no,5, 28.58 , 3.12 , 0.00 , -   ,no,no,0,13,0,7
no,0, 32.33 , 2.50 , 0.00 , -   ,no,no,1,60,1,0
yes,0, 26.50 , 3.00 , 0.05 , 121.56 ,yes,no,0,12,1,4
yes,0, 34.33 , 6.00 , 0.02 , 86.23 ,yes,no,1,48,1,5
yes,0, 28.42 , 2.60 , 0.05 , 105.10 ,yes,no,0,27,1,6
yes,0, 23.58 , 3.90 , 0.02 , 58.99 ,no,no,1,14,1,7
no,1, 30.83 , 2.50 , 0.00 , -   ,no,no,0,18,1,6
no,1, 34.67 , 3.30 , 0.00 , -   ,no,no,3,48,0,3
yes,0, 31.50 , 5.91 , 0.03 , 123.89 ,no,no,1,12,1,2
yes,1, 36.17 , 7.80 , 0.01 , 78.54 ,yes,no,1,24,1,18
no,3, 32.42 , 2.06 , 0.00 , -   ,no,no,0,48,1,8
yes,0, 31.25 , 5.70 , 0.01 , 38.06 ,yes,yes,2,84,0,26
yes,0, 28.08 , 2.16 , 0.03 , 46.14 ,no,no,2,7,1,0
no,3, 41.58 , 4.60 , 0.00 , -   ,no,no,0,57,1,3
yes,0, 21.75 , 3.50 , 0.09 , 265.01 ,no,no,2,42,1,9
yes,0, 30.25 , 2.55 , 0.04 , 74.73 ,yes,no,1,11,1,0
yes,0, 43.50 , 1.75 , 0.07 , 107.76 ,yes,no,0,18,0,2
yes,0, 29.58 , 1.95 , 0.00 , 6.50 ,yes,no,2,96,1,2
yes,0, 33.75 , 5.00 , 0.05 , 209.06 ,yes,no,3,10,1,10
yes,0, 24.17 , 2.89 , 0.08 , 193.07 ,no,no,0,12,0,0
yes,0, 25.42 , 2.70 , 0.06 , 144.38 ,yes,no,1,17,1,8
yes,0, 24.25 , 4.00 , 0.10769169999999999 , 358.97 ,no,no,0,7,1,10
yes,0, 24.08 , 2.30 , 0.030989999999999997 , 59.15 ,no,no,0,12,1,0
yes,0, 32.00 , 2.40 , 0.00 , -   ,no,no,1,11,1,8
no,0, 46.17 , 2.60 , 0.00 , -   ,no,no,0,61,1,8
yes,0, 21.92 , 2.40 , 0.23263920000000002 , 465.20 ,yes,no,1,168,1,4
yes,0, 36.25 , 2.52 , 0.07 , 142.24 ,no,no,2,53,0,3
yes,0, 23.83 , 1.56 , 0.39 , 501.80 ,no,no,0,33,0,1
yes,0, 49.42 , 2.40 , 0.04 , 88.59 ,no,yes,0,14,1,6
yes,0, 26.08 , 2.00 , 0.17002550000000002 , 282.88 ,no,no,0,2,1,2
yes,1, 29.17 , 2.58 , 0.16802089999999997 , 361.16 ,no,no,0,6,1,12
yes,0, 33.00 , 3.15 , 0.06 , 150.18 ,no,yes,0,128,0,3
yes,0, 29.33 , 2.30 , 0.04 , 76.24 ,no,no,2,24,0,5
yes,0, 47.58 , 4.65 , 0.02 , 58.245830000000005 ,no,no,2,25,1,11
yes,0, 21.58 , 3.12 , 0.03 , 88.23333000000001 ,no,no,0,56,1,3
yes,0, 30.42 , 2.00 , 0.00 , 7.0833330000000005 ,yes,no,3,45,1,14
no,6, 62.916669999999996 , 2.55 , 0.00 , -   ,no,no,2,20,0,13
yes,1, 21.58 , 2.46 , 0.14099720000000002 , 289.04 ,no,no,1,4,1,11
yes,0, 30.67 , 3.80 , 0.03 , 102.98 ,no,no,0,26,0,1
yes,0, 47.75 , 2.64 , 0.01 , 13.916670000000002 ,yes,no,0,4,1,12
yes,1, 39.75 , 7.00 , 0.10995799999999999 , 641.42 ,yes,no,2,30,0,22
no,0, 53.166669999999996 , 2.80 , 0.00 , -   ,no,no,1,156,0,11
no,0, 22.83 , 3.15 , 0.00 , -   ,no,no,2,19,0,0
no,1, 24.92 , 6.00 , 0.00 , -   ,no,no,2,17,1,2
yes,0, 25.17 , 3.25 , 0.031239999999999997 , 84.28 ,no,no,0,6,1,17
yes,0, 61.083330000000004 , 4.32 , 0.04 , 132.85 ,yes,no,1,252,0,0
yes,0, 29.17 , 2.50 , 0.08 , 159.60 ,no,no,0,7,1,21
yes,0, 35.33 , 3.00 , 0.05 , 135.05 ,no,no,1,6,1,8
yes,0, 26.08 , 3.50 , 0.09 , 250.52 ,no,no,0,52,1,2
yes,0, 42.75 , 4.56 , 0.05 , 188.62 ,no,no,0,144,1,11
yes,0, 27.58 , 2.76 , 0.01 , 23.25 ,no,no,0,30,1,1
yes,0, 22.50 , 2.54 , 0.10 , 214.07 ,yes,no,2,23,1,9
no,7, 40.92 , 3.24 , 0.00 , -   ,no,no,0,50,1,16
no,2, 35.17 , 3.84 , 0.00 , -   ,no,no,0,38,0,2
yes,0, 32.83 , 1.32 , 0.04 , 42.630829999999996 ,no,no,1,6,1,2
no,0, 25.83 , 3.90 , 0.00 , -   ,no,no,0,18,1,3
no,0, 56.916669999999996 , 2.04 , 0.00 , -   ,yes,no,0,35,1,11
yes,1, 30.17 , 7.29 , 0.08 , 474.50 ,yes,no,4,43,1,14
yes,0, 25.08 , 7.50 , 0.05 , 304.38 ,yes,no,0,300,1,8
yes,0, 34.58 , 3.26 , 0.03 , 78.75083000000001 ,no,no,1,31,1,6
yes,0, 24.67 , 1.63 , 0.18 , 238.33 ,no,no,1,4,1,5
yes,0, 40.75 , 8.00 , 0.05 , 311.14 ,yes,no,2,38,1,0
yes,0, 31.33 , 2.20 , 0.04 , 77.04666999999999 ,yes,no,2,17,1,16
yes,0, 27.83 , 5.00 , 0.028976799999999997 , 120.40 ,yes,no,1,24,1,0
yes,0, 30.83 , 3.00 , 0.06 , 156.57 ,yes,no,2,72,1,8
yes,0, 46.25 , 2.00 , 0.01 , 10.58 ,yes,no,0,76,1,1
yes,0, 20.50 , 1.54 , 0.09 , 114.82 ,no,no,0,6,1,2
no,0, 28.00 , 1.50 , 0.00 , -   ,no,no,1,5,0,0
yes,0, 51.67 , 3.00 , 0.07 , 179.77 ,yes,no,0,121,1,0
yes,1, 41.83 , 5.00 , 0.15 , 625.37 ,yes,no,3,84,1,7
yes,0, 51.75 , 4.72 , 0.02 , 84.90 ,yes,no,1,60,0,0
yes,0, 53.50 , 1.50 , 0.00 , -   ,yes,no,0,57,0,6
yes,0, 26.08 , 2.30 , 0.04 , 67.67 ,no,no,0,24,1,0
yes,0, 20.50 , 1.60 , 0.08 , 111.69 ,no,no,0,3,1,0
yes,0, 27.75 , 2.20 , 0.14034639999999998 , 257.30 ,no,no,0,3,0,1
yes,0, 23.25 , 4.32 , 0.19 , 675.77 ,no,no,2,36,1,11
no,0, 23.08 , 2.60 , 0.00 , -   ,no,yes,0,37,1,7
yes,0, 20.33 , 1.68 , 0.18 , 245.33 ,no,no,0,10,1,0
yes,0, 83.50 , 2.87 , 0.01 , 13.333329999999998 ,yes,yes,0,38,0,11
yes,0, 24.50 , 2.60 , 0.07 , 149.55 ,no,yes,0,21,1,2
yes,0, 33.75 , 2.90 , 0.10 , 253.37 ,yes,no,2,14,1,20
yes,0, 25.08 , 2.65 , 0.01 , 20.48 ,no,no,0,12,1,9
yes,0, 26.92 , 1.90 , 0.03 , 41.82 ,no,no,0,18,1,9
yes,0, 65.92 , 2.95 , 0.05 , 118.71 ,yes,no,1,230,1,19
yes,0, 21.58 , 3.12 , 0.09 , 225.46 ,no,no,1,10,0,6
yes,0, 35.00 , 4.11 , 0.03 , 101.20 ,yes,no,1,37,1,23
no,1, 46.00 , 6.00 , 0.00 , -   ,yes,no,2,84,1,46
yes,0, 25.33 , 2.00 , 0.01 , 10.42 ,no,no,0,24,1,19
no,2, 35.92 , 3.38 , 0.00 , -   ,yes,no,2,18,1,15
yes,0, 33.67 , 3.50 , 0.00 , 7.1666669999999995 ,no,no,0,12,1,0
yes,0, 30.08 , 2.60 , 0.01 , 12.08 ,yes,no,4,51,1,16
no,11, 26.42 , 3.50 , 0.00 , -   ,no,no,0,14,0,27
yes,1, 24.58 , 2.80 , 0.06 , 146.86 ,no,no,0,14,1,11
yes,0, 37.75 , 5.90 , 0.07 , 324.62 ,yes,no,3,28,1,11
yes,0, 46.25 , 5.40 , 0.06 , 268.72 ,yes,no,4,204,1,7
yes,0, 29.50 , 2.80 , 0.11 , 249.17 ,no,no,0,50,1,3
yes,0, 43.83 , 3.90 , 0.02 , 50.08 ,yes,no,3,179,1,6
yes,0, 46.92 , 3.40 , 0.03 , 87.64 ,no,no,0,42,1,4
yes,0, 21.83 , 2.08 , 0.12 , 203.37 ,no,no,0,5,1,0
yes,0, 57.666669999999996 , 2.50 , 0.05 , 105.13 ,yes,no,0,24,1,13
yes,1, 23.67 , 1.95 , 0.03 , 50.178329999999995 ,no,no,0,3,1,4
yes,0, 25.67 , 2.10 , 0.19 , 327.11 ,no,no,0,15,1,6
no,0, 30.67 , 3.00 , 0.00 , -   ,yes,no,1,28,1,6
yes,1, 34.83 , 3.20 , 0.07 , 175.14 ,yes,no,2,25,1,8
no,4, 37.50 , 2.60 , 0.00 , -   ,no,no,0,40,1,14
yes,0, 40.33 , 3.0669999999999997 , 0.16 , 408.08 ,no,no,2,18,0,0
yes,0, 24.42 , 2.80 , 0.01 , 33.57 ,no,no,0,60,1,11
yes,0, 31.25 , 4.80 , 0.10 , 404.49 ,yes,no,0,30,1,13
no,0, 41.17 , 4.74 , 0.00 , -   ,yes,no,0,13,1,0
yes,0, 29.83 , 2.80 , 0.03 , 80.45 ,yes,no,0,80,1,14
yes,0, 35.92 , 4.20 , 0.00 , 8.33 ,yes,no,4,59,1,13
yes,0, 42.92 , 4.00 , 0.07 , 240.28 ,no,no,2,180,1,9
no,4, 25.83 , 1.65 , 0.00 , -   ,no,no,0,36,1,5
yes,0, 34.17 , 4.30 , 0.02 , 88.95 ,no,no,1,12,1,2
yes,0, 63.50 , 6.45 , 0.00 , -   ,yes,no,0,42,1,13
yes,1, 21.92 , 3.00 , 0.00 , 11.00 ,no,no,1,18,0,7
yes,0, 21.25 , 1.75 , 0.19 , 281.81 ,no,no,0,6,0,3
no,0, 22.33 , 1.80 , 0.00 , -   ,no,no,0,3,0,6
yes,0, 22.92 , 2.15 , 0.01 , 17.171670000000002 ,no,no,0,12,1,1
no,0, 23.83 , 7.88 , 0.00 , -   ,no,yes,4,6,1,9
no,2, 26.83 , 2.60 , 0.00 , -   ,no,no,0,12,1,9
yes,0, 35.83 , 2.42 , 0.06 , 119.63 ,yes,no,0,56,1,10
yes,0, 41.08 , 2.80 , 0.04 , 86.54666999999999 ,yes,no,0,48,0,6
yes,0, 40.75 , 3.64 , 0.03 , 94.12 ,no,no,1,41,1,1
yes,1, 53.583330000000004 , 10.00 , 0.10 , 832.24 ,yes,no,3,120,1,3
no,0, 20.75 , 1.95 , 0.00 , -   ,no,no,0,14,0,1
yes,2, 34.83 , 6.50 , 0.14074679999999998 , 762.38 ,yes,no,0,12,1,13
yes,0, 32.17 , 3.81 , 0.01 , 26.00 ,yes,no,0,51,1,7
yes,0, 40.75 , 2.15 , 0.13 , 227.60 ,no,no,1,67,0,16
yes,2, 38.58 , 4.00 , 0.11 , 379.87 ,no,no,0,120,1,8
yes,0, 22.42 , 3.10 , 0.24002129999999997 , 620.06 ,no,no,0,3,1,0
no,0, 31.00 , 4.01 , 0.00 , -   ,no,no,0,42,1,0
yes,0, 29.08 , 4.58 , 0.01 , 48.62 ,no,no,0,50,1,7
yes,0, 33.75 , 1.80 , 0.13 , 195.45 ,yes,no,3,12,1,2
no,4, 38.00 , 1.71 , 0.00 , -   ,no,no,2,42,1,2
yes,0, 21.92 , 2.26 , 0.06 , 122.19 ,yes,no,0,6,1,0
yes,0, 26.42 , 3.50 , 0.13 , 384.90 ,no,no,2,12,1,0
yes,0, 40.33 , 10.00 , 0.02 , 129.33 ,yes,no,4,72,1,21
yes,0, 23.75 , 1.57 , 0.00 , -   ,yes,no,1,6,1,0
yes,0, 37.58 , 2.96 , 0.00 , 4.5833330000000005 ,yes,yes,1,93,1,13
yes,1, 27.75 , 2.70 , 0.09 , 210.65 ,no,no,0,9,1,13
yes,0, 21.67 , 2.16 , 0.11062870000000001 , 198.55 ,yes,no,0,18,1,7
yes,0, 26.17 , 4.00 , 0.00 , 3.17 ,no,no,2,18,0,0
no,5, 31.75 , 4.50 , 0.00 , -   ,yes,no,0,36,1,11
no,0, 33.75 , 1.80 , 0.00 , -   ,yes,no,2,11,1,13
yes,0, 27.33 , 2.75 , 0.07 , 153.73 ,no,no,0,6,1,3
yes,0, 39.75 , 2.42 , 0.02 , 34.16 ,yes,no,1,49,1,25
no,0, 23.25 , 2.25 , 0.00 , -   ,no,no,3,12,1,0
no,0, 23.92 , 1.20 , 0.00 , -   ,no,no,0,15,0,0
no,2, 28.17 , 2.60 , 0.00 , -   ,yes,no,2,31,1,3
no,0, 26.33 , 1.50 , 0.00 , -   ,no,no,0,8,1,0
yes,0, 25.33 , 2.10 , 0.19667479999999998 , 344.18 ,yes,no,1,22,1,19
yes,0, 0.17 , 3.24 , 0.18436639999999999 , 497.71 ,yes,no,3,25,1,16
no,0, 36.58 , 2.22 , 0.00 , -   ,yes,no,2,4,1,0
no,2, 34.83 , 4.90 , 0.00 , -   ,no,no,2,408,1,3
yes,0, 41.58 , 2.30 , 0.05 , 87.11 ,yes,no,0,42,1,12
no,2, 28.33 , 3.30 , 0.00 , -   ,no,no,1,36,1,17
no,3, 44.58 , 2.50 , 0.00 , -   ,yes,no,2,62,1,18
yes,0, 34.00 , 2.21 , 0.04 , 80.87 ,yes,no,2,4,1,10
yes,1, 35.83 , 2.40 , 0.07 , 143.35 ,yes,no,0,27,1,18
yes,0, 22.00 , 2.70 , 0.05 , 105.28 ,no,no,0,15,1,7
yes,0, 34.00 , 3.70 , 0.18933350000000002 , 583.78 ,yes,yes,2,5,1,2
no,5, 27.67 , 2.12 , 0.00 , -   ,no,no,0,44,1,10
yes,0, 34.50 , 6.20 , 0.18 , 950.86 ,yes,no,0,60,1,11
yes,0, 40.33 , 2.50 , 0.05 , 105.96 ,no,no,1,24,1,2
no,1, 24.25 , 2.00 , 0.00 , -   ,no,no,0,52,0,3
no,0, 30.17 , 2.40 , 0.00 , -   ,no,yes,2,72,1,11
yes,0, 45.00 , 4.03 , 0.04 , 137.07 ,no,no,0,72,1,2
no,0, 31.67 , 3.00 , 0.00 , -   ,no,no,0,12,0,0
yes,0, 24.92 , 2.90 , 0.00 , 0.31 ,yes,no,0,60,1,8
yes,0, 27.83 , 1.99 , 0.06 , 100.14 ,yes,no,1,12,1,5
yes,0, 56.916669999999996 , 1.92 , 0.20 , 320.68 ,yes,yes,1,64,1,9
yes,1, 34.42 , 5.00 , 0.16406279999999998 , 683.43 ,yes,yes,1,108,1,6
no,2, 32.58 , 2.16 , 0.00 , -   ,yes,no,1,38,0,8
yes,0, 26.58 , 2.20 , 0.08 , 145.70 ,no,no,0,30,1,3
yes,0, 20.42 , 2.24 , 0.05 , 93.92 ,no,no,0,27,1,1
no,2, 40.00 , 2.40 , 0.00 , -   ,no,no,0,72,1,6
yes,0, 40.17 , 1.90 , 0.10599580000000002 , 167.83 ,yes,no,3,108,1,17
yes,0, 25.67 , 5.50 , 0.15 , 703.41 ,yes,no,1,30,1,13
no,0, 32.08 , 2.16 , 0.00 , -   ,no,no,0,42,0,0
yes,2, 26.00 , 7.00 , 0.22 ," 1,292.00 ",no,yes,0,13,1,31
no,3, 36.92 , 2.60 , 0.00 , -   ,yes,no,1,54,1,14
no,0, 22.67 , 2.50 , 0.00 , -   ,no,no,0,27,1,0
yes,0, 28.25 , 3.90 , 0.08 , 248.91 ,no,no,0,48,1,10
yes,0, 49.17 , 5.20 , 0.02 , 71.53 ,yes,no,1,15,1,6
yes,1, 24.17 , 3.25 , 0.13 , 347.95 ,no,no,0,12,0,5
yes,0, 32.67 , 3.60 , 0.00 , 4.5833330000000005 ,no,no,0,25,1,2
yes,0, 32.58 , 10.00 , 0.10 , 831.73 ,yes,no,3,7,1,28
yes,0, 36.00 , 3.70 , 0.03 , 101.76 ,yes,no,2,6,0,18
yes,0, 29.25 , 4.47 , 0.11394939999999999 , 424.18 ,yes,yes,0,63,1,5
no,0, 36.42 , 5.20 , 0.00 , -   ,yes,no,2,12,1,0
yes,0, 22.92 , 4.80 , 0.06 , 232.28 ,no,no,2,2,1,4
yes,0, 61.00 , 1.50 , 0.27 , 335.56 ,yes,no,1,372,1,24
yes,0, 54.416669999999996 , 1.50 , 0.02 , 20.18 ,no,no,0,24,0,1
no,0, 25.67 , 1.85 , 0.00 , -   ,no,no,0,14,1,0
yes,0, 30.33 , 2.45 , 0.06 , 119.00 ,no,no,0,8,1,0
yes,0, 27.08 , 1.89 , 0.04 , 69.03 ,no,no,0,51,1,12
yes,0, 39.00 , 3.50 , 0.05 , 131.67 ,yes,no,2,113,0,13
no,0, 24.17 , 2.79 , 0.00 , -   ,no,no,0,4,1,0
yes,0, 47.08 , 4.50 , 0.14 , 523.13 ,yes,no,0,3,1,13
no,4, 24.83 , 2.80 , 0.00 , -   ,no,no,0,12,1,7
no,3, 32.17 , 2.80 , 0.00 , -   ,yes,no,3,106,0,11
yes,0, 33.08 , 4.50 , 0.10 , 391.42 ,no,no,1,36,1,2
yes,0, 45.00 , 3.80 , 0.03 , 99.10 ,yes,no,1,90,1,3
no,0, 32.83 , 5.00 , 0.00 , -   ,no,yes,0,14,1,0
yes,0, 23.33 , 2.70 , 0.16861410000000002 , 379.30 ,no,no,0,2,1,0
no,2, 25.17 , 2.50 , 0.00 , -   ,no,yes,1,30,1,18
yes,0, 26.58 , 3.20 , 0.15 , 398.85 ,yes,no,2,12,1,0
yes,0, 22.92 , 1.92 , 0.02 , 34.09 ,yes,no,2,12,1,21
yes,0, 45.67 , 2.3080000000000003 , 0.22003989999999998 , 423.13 ,no,no,1,94,1,5
no,0, 29.17 , 1.70 , 0.00 , -   ,no,no,1,28,1,0
yes,0, 48.92 , 3.00 , 0.10 , 241.42 ,yes,no,2,120,0,3
yes,0, 39.75 , 2.45 , 0.07 , 145.72 ,yes,no,3,38,1,8
yes,0, 20.08 , 3.40 , 0.00 , 0.92 ,no,no,0,15,0,0
yes,0, 32.92 , 2.50 , 0.24576599999999998 , 512.01 ,no,no,1,6,1,9
yes,0, 39.67 , 3.00 , 0.13 , 318.51 ,yes,no,0,72,1,9
yes,0, 26.83 , 3.15 , 0.07 , 189.68 ,no,no,0,6,1,0
yes,0, 27.25 , 3.50 , 0.07 , 194.47 ,no,no,0,6,1,0
yes,0, 19.58 , 1.80 , 0.12 , 182.61 ,no,no,0,12,1,0
yes,0, 24.08 , 2.25 , 0.15846129999999997 , 297.03 ,no,no,1,10,1,9
yes,0, 22.83 , 2.00 , 0.02 , 37.97 ,no,no,0,25,1,11
yes,0, 27.08 , 4.10 , 0.12 , 395.59 ,yes,no,2,41,1,14
yes,0, 23.83 , 2.97 , 0.08 , 204.54 ,no,no,0,4,1,7
yes,0, 41.67 , 5.50 , 0.03 , 148.37 ,yes,no,3,9,1,0
yes,0, 27.25 , 3.15 , 0.06 , 170.47 ,yes,no,2,24,1,9
yes,0, 46.50 , 3.50 , 0.042289999999999994 , 122.93 ,no,yes,2,48,1,1
yes,0, 21.08 , 1.53 , 0.00 , 4.5833330000000005 ,no,no,0,14,1,11
yes,0, 32.33 , 5.10 , 0.10 , 430.69 ,yes,no,0,38,1,10
yes,0, 22.58 , 2.25 , 0.01 , 20.08 ,no,no,0,12,1,4
yes,0, 25.58 , 3.41 , 0.01 , 17.79 ,yes,no,1,7,1,6
yes,0, 35.25 , 3.70 , 0.12215160000000001 , 376.63 ,yes,no,1,12,1,0
no,0, 34.58 , 3.40 , 0.00 , -   ,no,no,0,12,1,0
yes,0, 35.75 , 4.14 , 0.13753089999999998 , 474.07 ,yes,no,0,12,1,18
no,4, 38.25 , 4.80 , 0.00 , -   ,yes,no,1,42,1,6
yes,0, 34.75 , 7.00 , 0.05 , 293.07 ,yes,no,3,3,1,0
yes,0, 28.75 , 7.00 , 0.10835239999999999 , 631.97 ,yes,yes,0,12,1,5
yes,1, 29.17 , 2.20 , 0.04 , 69.79333000000001 ,no,no,0,49,1,7
no,0, 28.58 , 2.06 , 0.00 , -   ,yes,no,0,31,0,12
no,0, 22.08 , 1.54 , 0.00 , -   ,no,no,0,12,0,3
no,3, 36.50 , 4.00 , 0.00 , -   ,yes,no,0,28,1,12
yes,0, 43.83 , 10.50 , 0.00 , 8.75 ,yes,no,4,168,1,16
yes,0, 32.00 , 3.05 , 0.050185900000000006 , 127.47 ,no,no,0,62,0,10
yes,1, 56.916669999999996 , 3.48 , 0.06 , 182.10 ,yes,no,0,540,1,7
yes,0, 24.33 , 3.00 , 0.00 , 6.1458330000000005 ,yes,no,2,18,1,6
yes,0, 34.58 , 5.10 , 0.10 , 412.19 ,yes,no,4,3,1,0
yes,0, 53.00 , 2.45 , 0.02 , 35.68 ,yes,no,0,3,1,11
yes,0, 31.17 , 2.00 , 0.12 , 205.94 ,yes,no,1,42,0,6
yes,0, 54.083330000000004 , 4.00 , 0.01 , 43.97 ,yes,no,1,188,1,13
yes,0, 45.83 , 3.48 , 0.06 , 188.11 ,yes,yes,1,16,1,21
yes,0, 20.83 , 2.00 , 0.00 , 7.0833330000000005 ,yes,yes,0,18,0,3
yes,0, 27.33 , 2.15 , 0.27 , 484.44 ,no,no,0,6,1,12
no,0, 37.58 , 4.48 , 0.00 , -   ,no,no,2,60,1,15
yes,0, 33.25 , 1.70 , 0.01 , 8.78 ,no,no,0,146,1,17
yes,0, 28.08 , 3.00 , 0.07 , 174.93 ,no,no,0,18,1,11
yes,0, 27.17 , 2.36 , 0.01 , 21.33 ,yes,no,2,6,1,5
yes,0, 50.00 , 4.50 , 0.10 , 361.00 ,yes,no,2,301,1,11
yes,0, 48.33 , 3.70 , 0.04 , 114.60 ,yes,no,2,192,0,7
yes,0, 25.25 , 5.50 , 0.02 , 113.30 ,yes,yes,0,16,1,0
yes,0, 30.75 , 3.3739999999999997 , 0.01 , 33.51 ,yes,no,0,10,1,9
yes,0, 63.166669999999996 , 5.50 , 0.02 , 93.63 ,yes,no,1,192,1,15
no,1, 32.33 , 6.00 , 0.00 , -   ,yes,no,4,18,1,4
yes,0, 28.42 , 6.90 , 0.07 , 415.81 ,yes,no,0,14,1,0
yes,0, 28.92 , 2.75 , 0.38227849999999997 , 875.89 ,yes,no,1,3,1,3
yes,0, 0.58 , 2.50 , 0.08 , 173.02 ,no,no,0,150,1,5
yes,0, 25.67 , 2.00 , 0.00 , 7.4166669999999995 ,no,no,0,26,1,13
yes,0, 21.92 , 2.69 , 0.07 , 165.93 ,no,no,3,85,1,12
yes,0, 27.17 , 2.68 , 0.01 , 15.583329999999998 ,no,no,4,36,1,4
yes,0, 22.50 , 1.80 , 0.12 , 178.92 ,no,no,0,6,0,2
yes,0, 25.33 , 1.56 , 0.04 , 44.94 ,no,no,1,12,1,0
yes,0, 20.17 , 1.50 , 0.11964069999999999 , 149.55 ,no,no,0,3,1,3
yes,0, 25.00 , 1.88 , 0.00 , 3.75 ,no,no,0,4,1,5
no,2, 36.58 , 2.52 , 0.00 , -   ,yes,no,0,77,1,9
yes,0, 19.67 , 2.23 , 0.04 , 82.92 ,no,no,0,133,0,5
no,0, 31.25 , 1.78 , 0.00 , -   ,no,no,0,14,1,0
yes,0, 29.08 , 4.01 , 0.00 , 8.33 ,no,no,0,120,1,15
yes,0, 51.58 , 12.50 , 0.29755490000000007 ," 3,099.51 ",yes,no,1,120,1,21
yes,0, 31.50 , 1.60 , 0.23 , 300.46 ,no,no,0,6,1,8
yes,0, 46.50 , 5.00 , 0.027239999999999997 , 112.92 ,yes,no,1,7,1,7
yes,0, 24.67 , 2.28 , 0.05 , 94.15 ,yes,no,2,31,1,6
yes,0, 54.75 , 3.40 , 0.08 , 215.44 ,no,no,1,12,1,7
yes,0, 21.42 , 1.75 , 0.02 , 35.17 ,yes,no,0,131,1,3
yes,0, 27.08 , 3.25 , 0.01 , 22.46 ,yes,no,0,48,1,6
yes,0, 45.08 , 3.90 , 0.09 , 294.58 ,no,no,0,120,1,12
no,0, 35.92 , 1.85 , 0.00 , -   ,no,no,0,62,0,0
yes,0, 40.92 , 4.00 , 0.00 , 10.29 ,yes,no,1,84,1,9
yes,0, 54.50 , 4.30 , 0.18 , 632.08 ,yes,no,1,120,1,6
yes,0, 28.17 , 3.50 , 0.11196569999999999 , 326.57 ,yes,no,2,48,0,7
yes,1, 34.08 , 8.10 , 0.11076589999999999 , 747.67 ,yes,yes,3,36,1,15
yes,1, 30.00 , 4.00 , 0.05 , 170.18 ,yes,no,5,28,1,7
yes,1, 33.92 , 2.00 , 0.91 , 1510.5339999999999 ,no,no,0,12,1,5
no,0, 0.75 , 3.00 , 0.00 , -   ,no,no,0,18,0,2
yes,0, 51.25 , 5.30 , 0.04 , 191.70 ,no,no,1,108,1,2
no,7, 25.92 , 2.60 , 0.00 , -   ,no,no,3,36,1,11
yes,0, 27.92 , 2.52 , 0.09 , 188.19 ,no,no,1,12,1,0
no,0, 23.83 , 2.20 , 0.00 , -   ,no,no,0,31,0,0
yes,0, 29.00 , 2.50 , 0.53 ," 1,096.66 ",no,no,0,12,1,14
yes,0, 33.50 , 3.50 , 0.09 , 276.98 ,no,no,0,4,1,13
no,1, 30.83 , 4.35 , 0.00 , -   ,no,no,0,28,1,5
no,0, 38.75 , 1.60 , 0.00 , -   ,no,no,0,51,1,1
yes,0, 32.17 , 2.00 , 0.02 , 38.37 ,no,no,2,24,1,4
yes,1, 43.33 , 4.80 , 0.37 ," 1,482.37 ",yes,no,0,3,1,4
yes,0, 29.83 , 3.00 , 0.02 , 45.88 ,yes,no,2,28,1,4
yes,0, 62.00 , 1.6380000000000001 , 0.05 , 64.07 ,yes,no,0,270,0,1
no,2, 35.50 , 2.90 , 0.00 , -   ,no,no,1,102,1,21
yes,0, 21.50 , 2.38 , 0.02 , 35.17 ,no,no,0,7,0,5
yes,0, 38.25 , 2.30 , 0.07 , 129.42 ,yes,no,0,3,1,3
yes,0, 39.58 , 8.10 , 0.10 , 663.77 ,yes,no,3,43,1,13
no,2, 40.50 , 3.57 , 0.00 , -   ,no,yes,0,31,1,7
no,0, 34.25 , 1.94 , 0.00 , -   ,no,no,1,54,1,1
yes,0, 34.83 , 2.75 , 0.03 , 75.63 ,yes,no,0,151,1,11
yes,0, 28.17 , 3.50 , 0.00 , 3.75 ,yes,no,1,31,1,7
yes,0, 47.17 , 7.00 , 0.05 , 301.25 ,yes,no,1,144,1,8
yes,0, 28.17 , 2.80 , 0.10 , 224.58 ,no,no,0,5,0,1
yes,0, 22.42 , 1.95 , 0.04 , 60.58416999999999 ,no,no,0,3,1,0
no,0, 45.50 , 6.50 , 0.00 , -   ,no,no,2,34,1,9
yes,0, 22.92 , 2.50 , 0.24 , 498.93 ,no,no,0,2,1,0
yes,1, 37.08 , 3.00 , 0.00 , 8.33 ,no,no,0,60,1,9
yes,0, 27.25 , 1.80 , 0.07 , 105.51 ,yes,no,2,6,1,4
yes,0, 39.58 , 2.60 , 0.03 , 56.333330000000004 ,yes,no,3,70,1,9
yes,0, 51.83 , 3.60 , 0.07 , 212.48 ,yes,no,1,125,1,13
yes,0, 23.67 , 2.30 , 0.01 , 14.33 ,no,no,2,14,0,0
no,1, 21.50 , 1.78 , 0.00 , -   ,no,no,0,5,1,1
yes,0, 21.92 , 3.86 , 0.00 , -   ,yes,yes,0,18,1,8
yes,0, 45.58 , 4.90 , 0.01 , 58.93083000000001 ,yes,no,2,159,1,4
no,0, 39.92 , 3.60 , 0.00 , -   ,no,no,0,14,0,0
yes,0, 42.25 , 3.24 , 0.02 , 66.26 ,yes,no,2,36,1,3
no,2, 27.50 , 1.85 , 0.00 , -   ,no,no,0,24,1,12
yes,0, 25.75 , 1.85 , 0.06 , 91.96 ,yes,no,0,24,1,9
yes,0, 25.42 , 1.56 , 0.16606279999999998 , 215.88 ,no,no,0,12,1,0
yes,0, 31.83 , 4.08 , 0.01 , 22.99 ,yes,no,1,101,1,9
no,5, 25.25 , 3.30 , 0.00 , -   ,yes,no,1,75,1,23
yes,0, 24.17 , 2.51 , 0.11 , 240.38 ,no,no,0,10,1,12
yes,0, 28.17 , 4.38 , 0.02 , 89.96 ,yes,no,1,84,0,1
yes,0, 26.58 , 2.35 , 0.06 , 126.65 ,no,no,1,26,1,2
yes,0, 20.92 , 4.00 , 0.04 , 140.35 ,yes,no,0,24,1,4
no,2, 35.58 , 5.10 , 0.00 , -   ,yes,no,1,63,1,8
yes,0, 32.17 , 3.00 , 0.12 , 294.56 ,yes,no,2,9,1,0
yes,0, 28.67 , 3.50 , 0.02 , 68.35916999999999 ,yes,no,5,42,1,12
yes,0, 39.75 , 3.50 , 0.03 , 101.49 ,yes,no,0,12,1,0
yes,0, 34.83 , 5.50 , 0.24 ," 1,088.74 ",yes,no,4,12,1,0
yes,0, 51.75 , 3.80 , 0.02 , 47.79 ,yes,no,1,51,1,5
yes,0, 22.67 , 1.79 , 0.03 , 50.03 ,no,no,0,3,1,0
yes,0, 38.25 , 5.10 , 0.08 , 344.01 ,yes,no,3,126,1,17
yes,0, 46.25 , 8.94 , 0.03 , 188.30 ,yes,no,0,96,1,17
yes,0, 50.33 , 7.10 , 0.04 , 245.35 ,yes,no,2,12,1,0
yes,0, 32.08 , 2.40 , 0.14264129999999997 , 285.28 ,yes,no,0,96,0,8
yes,1, 30.58 , 3.31 , 0.01 , 17.58 ,no,no,0,19,1,12
yes,0, 38.83 , 6.50 , 0.29 , 1569.6770000000001 ,yes,no,4,117,1,18
yes,0, 39.58 , 4.81 , 0.01 , 43.744170000000004 ,yes,no,1,8,1,9
yes,0, 39.67 , 3.00 , 0.02 , 55.760830000000006 ,yes,yes,1,132,1,22
yes,0, 41.67 , 2.70 , 0.04 , 97.51 ,yes,no,2,28,1,11
yes,0, 38.83 , 5.40 , 0.01 , 58.054159999999996 ,yes,yes,0,108,1,17
yes,0, 37.08 , 8.12 , 0.03 , 213.13 ,yes,yes,3,120,1,5
yes,0, 27.83 , 3.04 , 0.04 , 96.00 ,no,no,0,13,1,0
yes,1, 29.50 , 2.08 , 0.04 , 61.199169999999995 ,yes,no,2,12,1,11
yes,0, 28.92 , 1.51 , 0.00 , -   ,no,no,0,44,1,15
no,1, 31.08 , 3.00 , 0.00 , -   ,yes,no,2,51,1,2
yes,0, 30.33 , 2.60 , 0.30 , 640.65 ,yes,no,0,25,1,4
yes,0, 37.42 , 2.50 , 0.03 , 61.73583000000001 ,yes,no,2,120,0,4
yes,0, 44.58 , 3.50 , 0.01 , 34.53 ,yes,no,1,33,1,13
yes,0, 25.33 , 2.40 , 0.11 , 213.29 ,no,no,0,5,1,10
yes,0, 26.83 , 2.32 , 0.01 , 14.00 ,no,no,0,2,1,0
yes,0, 46.17 , 2.58 , 0.08 , 164.64 ,yes,no,2,120,0,15
yes,0, 28.08 , 2.10 , 0.09 , 158.61 ,yes,no,1,24,0,11
yes,0, 38.42 , 2.35 , 0.07 , 133.97 ,no,no,1,72,1,8
yes,0, 46.75 , 2.80 , 0.00 , -   ,yes,no,1,84,1,2
no,2, 52.25 , 3.70 , 0.00 , -   ,no,no,4,1,1,6
no,0, 37.17 , 1.68 , 0.00 , -   ,yes,no,3,120,0,8
no,0, 25.33 , 2.64 , 0.00 , -   ,no,no,0,24,1,33
yes,1, 28.25 , 2.30 , 0.03 , 66.30 ,yes,no,1,24,1,14
yes,2, 35.33 , 6.89 , 0.01 , 58.51 ,yes,no,0,5,1,18
no,4, 25.42 , 4.00 , 0.00 , -   ,no,no,0,36,1,32
yes,0, 28.17 , 2.00 , 0.06 , 100.42 ,yes,no,1,38,0,8
no,0, 19.00 , 1.97 , 0.00 , -   ,no,no,1,24,1,2
yes,0, 25.42 , 3.00 , 0.01 , 25.51 ,no,no,2,3,1,11
yes,0, 26.08 , 2.75 , 0.18 , 420.58 ,yes,no,1,6,1,11
yes,0, 31.25 , 5.00 , 0.07 , 309.91 ,yes,no,2,12,1,12
yes,0, 33.67 , 2.10 , 0.04 , 78.26 ,no,no,4,12,1,0
yes,0, 27.92 , 4.00 , 0.04 , 123.22 ,yes,no,2,2,1,0
yes,1, 48.33 , 3.00 , 0.03 , 79.18 ,yes,yes,0,180,1,12
yes,0, 36.83 , 3.30 , 0.15680970000000002 , 431.14 ,no,no,0,3,1,0
no,3, 45.42 , 2.35 , 0.00 , -   ,no,no,0,36,1,15
no,2, 53.00 , 2.16 , 0.00 , -   ,no,yes,0,74,0,5
yes,0, 27.58 , 3.90 , 0.04 , 134.39 ,yes,no,3,12,1,6
yes,0, 40.00 , 2.31 , 0.03 , 54.97 ,no,no,1,158,1,9
yes,0, 49.17 , 1.70 , 0.00 , -   ,no,no,1,14,0,6
yes,0, 40.33 , 2.00 , 0.07 , 120.56 ,no,no,0,24,1,4
yes,0, 23.83 , 4.80 , 0.08 , 320.49 ,no,yes,0,42,1,2
yes,0, 34.25 , 3.00 , 0.5409953000000001 , 1352.4879999999998 ,yes,no,0,72,1,3
yes,0, 21.42 , 1.56 , 0.07 , 87.15 ,no,no,0,24,0,5
yes,0, 39.33 , 2.00 , 0.05 , 81.27 ,yes,no,2,200,1,9
yes,0, 24.25 , 2.60 , 0.30 , 643.32 ,no,no,1,10,1,11
yes,0, 47.83 , 4.68 , 0.03 , 134.92 ,yes,no,1,210,1,6
yes,0, 34.83 , 4.00 , 0.25825149999999997 , 860.76 ,no,yes,0,204,0,6
yes,0, 52.25 , 1.87 , 0.055203800000000004 , 85.98 ,yes,no,0,250,1,4
yes,3, 47.50 , 3.10 , 0.18 , 463.15 ,no,no,0,24,1,15
yes,0, 25.75 , 2.80 , 0.06 , 134.20 ,no,no,0,6,0,3
yes,0, 24.08 , 2.04 , 0.11361030000000001 , 192.72 ,no,no,0,109,1,5
yes,0, 24.50 , 2.10 , 0.32134809999999997 , 562.36 ,no,no,0,28,1,5
yes,0, 22.33 , 2.00 , 0.16 , 274.95 ,no,no,0,13,1,7
yes,0, 33.17 , 5.60 , 0.09 , 398.05 ,yes,no,4,84,1,4
yes,0, 38.92 , 3.00 , 0.05 , 124.48 ,yes,no,1,84,1,11
yes,0, 22.17 , 2.40 , 0.08 , 163.42 ,no,no,0,23,1,0
yes,0, 23.33 , 1.85 , 0.06 , 93.31 ,no,no,0,4,1,1
yes,0, 24.08 , 2.90 , 0.05 , 113.25 ,yes,no,0,60,1,3
no,0, 26.67 , 2.00 , 0.00 , -   ,no,yes,1,63,1,2
yes,0, 52.42 , 1.89 , 0.02 , 37.429159999999996 ,no,no,0,240,1,6
yes,0, 20.25 , 2.00 , 0.20489699999999997 , 341.25 ,no,no,0,24,1,7
yes,0, 25.42 , 1.64 , 0.37159590000000003 , 508.29 ,no,no,0,19,1,9
no,4, 22.75 , 2.34 , 0.00 , -   ,no,no,0,61,1,6
yes,0, 24.42 , 1.90 , 0.27312159999999996 , 432.36 ,no,no,0,19,1,6
yes,0, 21.50 , 1.53 , 0.04 , 46.29 ,yes,no,0,22,1,11
yes,0, 22.42 , 3.99 , 0.08 , 253.63 ,no,no,0,268,1,2
yes,0, 46.33 , 1.60 , 0.05 , 61.74 ,no,no,0,162,1,11
yes,0, 19.42 , 1.80 , 0.08 , 125.89 ,no,no,0,3,1,0
yes,1, 29.83 , 3.70 , 0.60 ," 1,836.98 ",no,no,0,24,1,7
yes,0, 28.92 , 2.10 , 0.01 , 15.583329999999998 ,no,no,0,28,1,5
yes,0, 26.67 , 2.00 , 0.03 , 51.75 ,no,no,1,6,1,1
no,1, 44.83 , 2.60 , 0.00 , -   ,yes,no,0,48,1,1
yes,0, 27.00 , 2.68 , 0.03 , 77.29 ,yes,no,0,135,1,0
no,1, 30.17 , 4.16 , 0.00 , -   ,yes,yes,2,37,1,15
yes,0, 24.83 , 2.10 , 0.14 , 240.48 ,no,no,1,24,1,5
yes,0, 28.00 , 2.40 , 0.03 , 67.40 ,no,no,1,24,1,4
yes,0, 39.17 , 3.12 , 0.03 , 69.27 ,yes,yes,2,66,1,5
yes,0, 31.42 , 3.00 , 0.07 , 172.57 ,yes,no,1,24,1,13
yes,0, 40.42 , 3.12 , 0.08 , 199.00 ,yes,no,1,60,1,11
no,3, 23.17 , 1.62 , 0.00 , -   ,no,no,1,144,0,4
yes,0, 43.58 , 4.37 , 0.04 , 160.48 ,yes,no,2,110,1,10
no,0, 25.17 , 2.5340000000000003 , 0.00 , -   ,no,no,0,14,1,3
no,2, 40.58 , 3.10 , 0.00 , -   ,yes,no,1,66,1,5
no,7, 32.08 , 2.72 , 0.00 , -   ,no,no,1,60,0,10
yes,0, 42.17 , 4.04 , 0.01 , 44.41 ,no,no,0,5,1,6
yes,0, 47.33 , 2.75 , 0.21484160000000002 , 492.26 ,no,no,0,156,0,11
yes,0, 27.83 , 3.00 , 0.16080529999999998 , 401.93 ,no,no,1,24,1,2
yes,0, 30.67 , 3.15 , 0.07 , 179.18 ,yes,no,1,19,1,9
no,0, 38.50 , 5.97 , 0.00 , -   ,yes,no,1,3,1,19
yes,0, 31.00 , 2.60 , 0.08 , 182.17 ,no,no,0,5,1,0
no,0, 47.92 , 8.40 , 0.00 , -   ,yes,no,3,6,1,0
yes,0, 21.92 , 1.95 , 0.04 , 61.95 ,no,no,0,40,0,4
yes,0, 36.75 , 3.00 , 0.032497000000000005 , 80.83 ,yes,no,3,134,0,4
yes,0, 23.50 , 2.80 , 0.00 , 8.33 ,yes,no,0,12,1,3
yes,1, 25.33 , 4.55 , 0.04 , 169.06 ,yes,no,1,42,1,10
yes,0, 21.25 , 1.99 , 0.03 , 57.980830000000005 ,no,no,2,8,1,5
yes,0, 48.92 , 4.50 , 0.05 , 203.13 ,no,no,2,17,1,0
no,0, 35.58 , 4.00 , 0.00 , -   ,no,no,2,70,1,1
yes,0, 39.08 , 3.50 , 0.06 , 181.02 ,yes,no,1,42,1,0
no,1, 27.67 , 2.15 , 0.00 , -   ,no,no,0,97,1,1
no,0, 23.25 , 1.62 , 0.00 , -   ,no,no,0,32,1,7
yes,0, 31.17 , 3.50 , 0.17 , 483.06 ,no,no,1,14,0,0
yes,0, 26.83 , 2.90 , 0.01 , 15.940829999999998 ,yes,yes,1,26,1,3
yes,0, 39.25 , 3.41 , 0.06 , 180.66 ,no,yes,1,120,1,7
yes,0, 24.83 , 4.00 , 0.00 , 4.5833330000000005 ,no,yes,2,48,1,4
yes,0, 27.17 , 2.60 , 0.88 ," 1,902.00 ",no,no,0,4,1,7
yes,0, 24.67 , 2.07 , 0.20711839999999998 , 356.78 ,no,no,0,4,1,17
yes,0, 44.67 , 2.40 , 0.00 , -   ,no,no,0,36,1,11
yes,0, 25.17 , 3.42 , 0.01 , 24.58 ,no,no,0,3,1,0
yes,0, 21.92 , 6.70 , 0.05 , 302.25 ,no,no,0,8,1,6
yes,0, 40.42 , 5.43 , 0.01 , 33.22 ,no,no,0,14,1,11
yes,0, 24.08 , 1.62 , 0.01 , 13.69 ,no,no,0,12,0,4
yes,0, 31.83 , 2.42 , 0.06 , 116.35 ,no,no,0,24,1,7
yes,0, 24.67 , 3.40 , 0.05 , 144.40 ,no,no,0,12,1,8
yes,0, 47.42 , 3.60 , 0.04 , 113.75 ,yes,yes,2,120,1,12
yes,0, 27.17 , 2.50 , 0.09 , 184.94 ,no,no,0,12,1,8
yes,0, 49.58 , 1.75 , 0.01 , 15.33 ,yes,no,1,38,1,3
yes,0, 32.00 , 2.50 , 0.05 , 113.18 ,no,no,0,8,1,5
yes,0, 35.00 , 4.50 , 0.01 , 37.58 ,yes,no,3,144,1,3
no,1, 26.17 , 2.4659999999999997 , 0.00 , -   ,yes,no,0,14,1,20
yes,0, 20.67 , 2.70 , 0.07 , 156.90 ,no,no,1,38,1,10
no,0, 34.25 , 2.40 , 0.00 , -   ,no,no,0,27,1,2
yes,0, 49.83 , 6.90 , 0.06 , 349.20 ,yes,no,3,160,0,0
yes,0, 40.75 , 4.80 , 0.15 , 615.12 ,yes,no,3,122,1,17
yes,0, 20.83 , 1.92 , 0.13 , 208.08 ,no,no,0,84,1,6
yes,0, 40.33 , 2.80 , 0.04 , 88.74 ,no,no,3,19,0,0
yes,0, 25.08 , 1.69 , 0.02 , 34.52 ,no,no,0,3,0,16
yes,0, 29.33 , 3.50 , 0.13 , 366.75 ,no,no,0,19,1,0
yes,1, 40.50 , 2.25 , 0.02 , 44.00 ,no,no,0,86,1,10
no,2, 30.75 , 2.32 , 0.00 , -   ,no,no,1,17,1,8
yes,0, 30.67 , 4.00 , 0.09 , 299.89 ,yes,no,1,37,0,6
yes,0, 40.00 , 4.50 , 0.10 , 359.12 ,no,no,5,2,1,0
yes,0, 23.00 , 3.18 , 0.09 , 246.57 ,no,no,0,17,1,3
yes,0, 23.08 , 3.00 , 0.03 , 63.991659999999996 ,no,no,0,3,1,0
yes,0, 31.33 , 3.00 , 0.020658000000000003 , 51.65 ,yes,no,2,44,0,12
no,0, 24.58 , 2.00 , 0.00 , -   ,no,no,0,7,0,6
yes,0, 36.50 , 3.50 , 0.22 , 633.41 ,yes,no,0,95,1,17
yes,0, 0.58 , 4.00 , 0.07 , 242.13 ,yes,no,3,24,1,4
no,0, 28.83 , 2.58 , 0.00 , -   ,yes,no,0,41,1,11
yes,0, 45.58 , 12.00 , 0.02 , 200.49 ,yes,yes,1,24,1,6
yes,1, 0.50 , 3.70 , 0.01 , 32.46 ,no,no,0,186,0,5
no,0, 23.25 , 1.4340000000000002 , 0.00 , -   ,yes,no,0,12,1,6
yes,0, 38.92 , 3.68 , 0.02 , 59.62 ,yes,no,3,44,1,11
no,0, 23.83 , 2.55 , 0.00 , -   ,yes,no,2,24,1,0
no,4, 37.25 , 3.50 , 0.00 , -   ,yes,no,2,15,1,9
yes,0, 28.25 , 2.30 , 0.16 , 315.20 ,yes,no,1,13,0,4
yes,0, 26.25 , 3.19 , 0.10 , 258.29 ,no,no,0,10,1,11
yes,0, 26.50 , 2.35 , 0.00 , -   ,no,no,0,36,1,11
no,4, 25.83 , 1.97 , 0.00 , -   ,no,no,0,7,1,6
yes,0, 41.25 , 3.60 , 0.15 , 457.49 ,yes,no,3,68,1,10
no,1, 38.58 , 3.20 , 0.00 , -   ,no,no,2,14,1,6
yes,0, 34.75 , 2.00 , 0.00 , 4.5833330000000005 ,yes,no,2,38,1,6
yes,0, 31.50 , 2.85 , 0.31 , 745.04 ,yes,no,2,30,1,11
yes,0, 24.00 , 3.10 , 0.07 , 180.18 ,yes,no,1,12,1,23
yes,0, 25.17 , 1.50 , 0.09 , 111.84 ,yes,no,1,14,1,19
yes,0, 57.083330000000004 , 4.80 , 0.15 , 613.64 ,yes,no,0,138,1,4
yes,0, 23.83 , 2.60 , 0.15397460000000002 , 333.61 ,no,no,0,6,1,0
yes,0, 23.17 , 2.85 , 0.09 , 207.71 ,yes,no,1,50,0,8
yes,0, 28.17 , 3.35 , 0.07 , 199.37 ,yes,no,0,18,1,2
yes,0, 32.58 , 1.81 , 0.05 , 81.44 ,yes,no,0,9,1,22
yes,0, 34.83 , 3.60 , 0.04 , 116.32 ,yes,yes,4,48,1,8
no,0, 31.08 , 1.52 , 0.00 , -   ,no,no,2,20,1,0
yes,0, 24.83 , 2.40 , 0.27 , 530.18 ,no,no,1,24,1,13
no,0, 38.67 , 3.00 , 0.00 , -   ,no,no,0,36,0,2
no,7, 36.92 , 3.50 , 0.00 , -   ,yes,no,2,60,1,7
yes,0, 29.75 , 3.00 , 0.05 , 116.45 ,yes,no,1,12,1,8
yes,0, 34.75 , 2.34 , 0.18337989999999998 , 357.59 ,yes,no,0,108,0,11
yes,0, 25.08 , 2.10 , 0.12 , 214.86 ,no,no,0,26,1,17
yes,0, 22.17 , 1.60 , 0.15 , 200.59 ,yes,no,0,27,1,3
yes,0, 26.67 , 2.2159999999999997 , 0.03 , 56.463330000000006 ,no,no,0,10,1,2
yes,0, 32.00 , 3.65 , 0.01 , 17.67 ,yes,no,2,20,1,17
no,6, 39.33 , 3.20 , 0.00 , -   ,no,no,0,88,1,7
no,0, 30.92 , 2.60 , 0.00 , -   ,no,no,0,5,0,0
yes,1, 60.083330000000004 , 6.10 , 0.09 , 479.44 ,yes,no,1,244,1,14
no,2, 36.42 , 3.00 , 0.00 , -   ,no,no,0,74,1,16
yes,0, 36.92 , 4.50 , 0.08 , 308.93 ,yes,no,0,60,1,16
yes,0, 28.83 , 2.18 , 0.08 , 144.64 ,yes,no,0,5,1,14
no,0, 66.50 , 3.25 , 0.00 , -   ,yes,no,3,300,1,13
yes,0, 35.17 , 2.20 , 0.13 , 244.65 ,yes,no,1,13,1,9
yes,0, 74.17 , 2.81 , 0.02 , 38.83 ,yes,no,0,511,1,10
yes,0, 28.42 , 2.43 , 0.23 , 462.66 ,yes,no,2,29,1,17
yes,0, 55.166669999999996 , 6.70 , 0.04 , 214.93 ,yes,no,1,300,1,13
no,1, 38.33 , 4.00 , 0.00 , -   ,yes,yes,3,40,1,7
no,0, 37.83 , 5.16 , 0.00 , -   ,yes,yes,0,86,1,1
yes,0, 39.67 , 5.10 , 0.06 , 244.42 ,yes,no,3,132,1,15
yes,0, 44.58 , 4.20 , 0.04 , 135.18 ,yes,no,2,150,0,2
yes,0, 30.75 , 5.60 , 0.04 , 185.74 ,yes,no,0,1,0,8
yes,0, 23.42 , 1.86 , 0.26705209999999996 , 413.60 ,no,no,0,3,1,4
no,0, 27.42 , 1.64 , 0.00 , -   ,no,no,0,104,1,0
yes,0, 51.92 , 6.80 , 0.00 , 14.666670000000002 ,no,no,0,38,0,5
yes,0, 22.83 , 1.85 , 0.01 , 16.91 ,no,no,0,48,1,4
no,0, 22.50 , 1.80 , 0.00 , -   ,no,no,2,4,1,0
no,1, 36.83 , 3.00 , 0.00 , -   ,yes,no,1,12,1,16
yes,0, 36.42 , 2.20 , 0.01 , 20.33 ,yes,no,0,77,1,0
no,1, 22.75 , 1.80 , 0.00 , -   ,no,no,0,6,1,2
yes,0, 32.00 , 2.60 , 0.00 , 5.5833330000000005 ,no,no,0,84,1,21
no,0, 27.08 , 2.00 , 0.00 , -   ,no,no,0,24,1,4
yes,0, 38.33 , 5.00 , 0.06 , 238.37 ,yes,no,3,9,1,0
yes,0, 28.67 , 4.22 , 0.09 , 300.99 ,yes,no,1,22,1,3
yes,0, 38.17 , 4.02 , 0.16 , 552.34 ,no,no,3,102,0,3
yes,0, 26.08 , 3.00 , 0.05 , 113.59 ,no,no,0,28,1,8
yes,0, 22.00 , 3.15 , 0.04 , 99.92 ,no,no,0,14,0,3
yes,0, 23.50 , 2.80 , 0.06 , 147.33 ,no,no,0,64,1,8
yes,0, 29.58 , 2.86 , 0.20153429999999997 , 480.32 ,no,no,0,47,1,1
yes,0, 23.08 , 2.04 , 0.18 , 304.90 ,no,no,0,12,1,9
yes,0, 33.83 , 3.50 , 0.02 , 63.456669999999995 ,yes,no,0,12,1,8
yes,0, 64.58 , 7.13 , 0.03 , 149.70 ,yes,no,1,241,1,8
no,0, 23.50 , 2.50 , 0.00 , -   ,no,no,0,36,0,0
yes,0, 23.83 , 3.30 , 0.06 , 166.06 ,no,no,0,2,1,5
yes,0, 36.92 , 2.20 , 0.08 , 148.19 ,no,no,1,8,1,4
yes,1, 38.25 , 3.20 , 0.05 , 121.22 ,yes,no,1,84,0,12
yes,0, 22.00 , 4.00 , 0.05 , 160.03 ,yes,no,0,27,1,4
yes,0, 38.50 , 5.57 , 0.04 , 201.48 ,no,no,3,30,1,7
yes,0, 36.58 , 7.00 , 0.01 , 59.12 ,yes,no,3,18,1,5
no,1, 26.25 , 2.30 , 0.00 , -   ,no,no,0,66,1,3
yes,0, 21.50 , 5.50 , 0.08 , 356.88 ,no,no,0,50,1,0
yes,1, 41.42 , 2.50 , 0.08 , 159.20 ,no,yes,2,131,0,3
no,1, 40.83 , 2.50 , 0.00 , -   ,yes,no,1,96,1,8
yes,0, 25.17 , 8.00 , 0.02 , 112.88 ,yes,no,2,18,1,0
yes,0, 23.50 , 1.83 , 0.07 , 108.98 ,no,no,1,12,0,10
yes,0, 27.25 , 2.90 , 0.04 , 91.69 ,no,no,0,9,0,3
no,3, 38.75 , 4.70 , 0.00 , -   ,yes,no,3,36,1,8
no,2, 23.08 , 1.73 , 0.00 , -   ,no,no,0,204,0,5
no,0, 37.25 , 1.55 , 0.00 , -   ,no,no,1,36,1,0
yes,0, 41.58 , 3.82 , 0.15 , 462.02 ,no,no,2,36,1,2
yes,0, 52.42 , 2.40 , 0.07 , 138.57 ,no,yes,1,96,1,2
yes,0, 31.75 , 2.40 , 0.19 , 373.42 ,no,no,1,54,0,1
yes,0, 36.00 , 3.00 , 0.12 , 304.62 ,no,no,1,180,1,5
yes,0, 21.42 , 1.60 , 0.29 , 385.78 ,no,no,0,192,1,3
yes,0, 42.08 , 2.68 , 0.14 , 319.43 ,no,no,1,84,1,0
yes,0, 32.33 , 6.30 , 0.09 , 465.94 ,no,yes,4,60,1,7
yes,0, 24.25 , 1.60 , 0.05 , 59.786669999999994 ,no,no,0,43,1,2
yes,0, 32.25 , 2.60 , 0.08 , 170.46 ,no,no,1,76,0,3
yes,0, 28.92 , 2.10 , 0.14 , 242.20 ,no,no,2,24,1,7
no,1, 28.33 , 1.93 , 0.00 , -   ,no,no,2,74,1,4
yes,0, 23.17 , 2.50 , 0.22982199999999997 , 478.71 ,yes,no,0,12,1,4
no,1, 44.58 , 1.80 , 0.00 , -   ,no,yes,0,60,1,2
yes,0, 31.42 , 3.56 , 0.03 , 98.35 ,no,no,0,72,1,9
yes,0, 24.92 , 3.40 , 0.11 , 301.02 ,no,no,0,17,1,7
yes,0, 28.25 , 2.55 , 0.23959410000000003 , 509.05 ,no,no,1,90,1,3
yes,0, 47.42 , 4.92 , 0.04 , 183.90 ,yes,yes,1,288,1,14
yes,0, 26.42 , 3.90 , 0.01 , 46.52 ,no,no,0,30,1,13
yes,0, 37.08 , 5.20 , 0.06 , 256.19 ,no,no,0,12,0,0
yes,0, 54.416669999999996 , 9.00 , 0.06 , 470.97 ,yes,no,3,147,1,6
yes,0, 35.25 , 6.00 , 0.46 ," 2,291.17 ",no,no,2,10,1,0
yes,0, 35.50 , 7.50 , 0.02 , 128.43 ,yes,no,4,19,1,12
yes,0, 44.50 , 9.00 , 0.26 ," 1,949.86 ",no,no,2,4,1,7
yes,0, 20.17 , 2.10 , 0.15 , 269.15 ,no,no,1,27,0,6
yes,0, 23.75 , 3.00 , 0.02 , 41.48 ,no,no,3,18,1,3
yes,0, 27.58 , 2.60 , 0.04 , 79.36 ,no,no,0,168,1,5
yes,0, 54.75 , 5.48 , 0.13 , 612.86 ,yes,no,1,146,1,4
yes,0, 40.33 , 8.20 , 0.03 , 192.45 ,yes,no,3,172,1,15
yes,1, 32.83 , 2.50 , 0.16 , 327.74 ,no,no,0,147,1,3
yes,0, 28.50 , 3.00 , 0.07 , 177.62 ,yes,no,0,20,1,0
yes,0, 35.50 , 6.50 , 0.07 , 365.91 ,yes,no,0,6,1,0
yes,1, 56.75 , 7.57 , 0.01 , 41.33 ,yes,yes,2,39,1,18
yes,1, 28.17 , 2.00 , 0.051838999999999996 , 86.15 ,no,no,1,61,1,2
no,3, 31.00 , 3.25 , 0.00 , -   ,no,no,1,72,1,7
no,2, 24.00 , 3.00 , 0.00 , -   ,no,no,0,24,1,4
yes,0, 40.75 , 7.00 , 0.06 , 376.77 ,no,no,3,6,1,2
no,7, 33.00 , 7.50 , 0.00 , -   ,no,no,0,24,1,8
yes,0, 38.42 , 3.80 , 0.06 , 189.18 ,yes,no,0,23,1,6
yes,0, 25.92 , 3.70 , 0.08 , 260.12 ,yes,no,0,236,1,6
yes,0, 33.17 , 3.40 , 0.14 , 406.98 ,yes,no,1,36,1,7
no,1, 27.92 , 2.85 , 0.00 , -   ,no,no,0,60,0,7
yes,0, 28.33 , 2.60 , 0.05 , 118.72 ,no,no,0,33,1,4
yes,0, 22.08 , 1.5659999999999998 , 0.07 , 91.73 ,no,no,0,18,1,1
yes,0, 24.25 , 1.80 , 0.13360279999999997 , 200.24 ,yes,no,0,151,1,5
yes,0, 39.42 , 3.10 , 0.17 , 438.37 ,yes,no,2,18,1,3
no,0, 25.42 , 1.50 , 0.00 , -   ,no,yes,4,48,0,1
yes,1, 19.00 , 2.19 , 0.34 , 621.66 ,no,no,0,59,1,2
yes,0, 31.25 , 5.50 , 0.07 , 324.71 ,yes,no,3,6,1,7
yes,0, 31.92 , 4.40 , 0.04 , 148.06 ,yes,no,2,72,1,8
yes,0, 33.25 , 3.00 , 0.38 , 940.39 ,yes,no,2,97,1,4
yes,1, 26.33 , 2.95 , 0.13 , 325.85 ,no,no,0,24,1,5
yes,0, 26.67 , 1.60 , 0.02 , 30.55 ,yes,no,0,24,1,5
yes,0, 22.42 , 2.00 , 0.12 , 192.82 ,no,no,0,8,1,8
yes,0, 25.08 , 2.85 , 0.14 , 324.03 ,no,yes,1,42,1,3
yes,0, 26.67 , 2.20 , 0.05 , 91.99 ,no,no,0,42,1,8
yes,0, 29.42 , 3.65 , 0.09 , 267.35 ,no,no,0,24,1,17
no,9, 35.08 , 1.70 , 0.00 , -   ,no,no,0,90,1,10
yes,0, 57.333330000000004 , 1.65 , 0.01 , 12.25 ,no,no,0,24,1,3
yes,0, 52.17 , 2.66 , 0.04 , 98.58 ,yes,no,3,228,1,0
yes,0, 41.83 , 2.75 , 0.02 , 43.21 ,yes,no,1,136,0,9
yes,0, 39.42 , 1.56 , 0.05 , 60.066669999999995 ,no,no,0,25,1,3
no,1, 56.75 , 8.00 , 0.00 , -   ,yes,no,0,408,1,7
yes,0, 28.25 , 2.03 , 0.11102550000000001 , 187.14 ,yes,no,1,91,1,1
yes,0, 38.08 , 4.00 , 0.01 , 29.98 ,yes,no,0,16,1,8
yes,0, 55.083330000000004 , 6.70 , 0.08 , 445.81 ,yes,no,0,35,1,0
yes,0, 29.33 , 2.50 , 0.17954479999999998 , 374.05 ,yes,no,0,70,1,9
yes,0, 19.83 , 3.00 , 0.00 , -   ,no,no,0,49,1,3
yes,0, 25.25 , 3.20 , 0.05 , 121.06 ,no,no,0,4,1,6
yes,0, 27.25 , 3.18 , 0.09 , 240.82 ,no,no,2,12,0,0
yes,0, 27.50 , 3.20 , 0.03 , 82.34 ,yes,no,0,23,1,9
yes,1, 26.00 , 1.73 , 0.09 , 131.52 ,no,no,0,8,1,10
yes,0, 25.92 , 2.40 , 0.10786960000000001 , 215.74 ,no,no,0,150,1,18
no,1, 32.25 , 2.25 , 0.00 , -   ,no,no,1,42,0,13
yes,0, 43.33 , 3.95 , 0.16 , 517.21 ,yes,no,6,3,0,0
yes,0, 34.92 , 3.00 , 0.01 , 36.21 ,no,no,1,30,0,2
yes,0, 27.75 , 2.65 , 0.07 , 159.66 ,no,no,0,8,1,0
no,5, 28.00 , 2.2359999999999998 , 0.00 , -   ,no,no,0,72,1,11
yes,0, 39.42 , 4.70 , 0.06 , 247.30 ,yes,no,4,12,1,10
yes,0, 40.83 , 3.48 , 0.01 , 21.72 ,no,no,0,28,1,22
yes,0, 23.33 , 2.55 , 0.01 , 16.25 ,no,no,1,6,1,0
yes,1, 43.58 , 2.77 , 0.04 , 100.34 ,yes,no,0,44,1,14
yes,0, 47.83 , 3.11 , 0.03 , 64.76 ,no,no,0,7,1,16
yes,0, 18.75 , 1.9680000000000002 , 0.06 , 103.92 ,no,no,0,64,0,1
yes,1, 21.17 , 1.80 , 0.19 , 288.80 ,no,no,0,192,1,8
no,1, 54.833330000000004 , 9.40 , 0.00 , -   ,yes,no,1,94,0,2
yes,0, 35.50 , 5.50 , 0.01 , 58.61 ,no,no,0,36,1,2
no,0, 24.17 , 1.50 , 0.00 , -   ,no,no,0,18,1,0
yes,0, 24.83 , 2.70 , 0.17 , 387.17 ,no,no,1,18,1,4
yes,0, 23.83 , 2.35 , 0.07 , 136.04 ,no,no,0,25,1,9
yes,0, 39.92 , 4.60 , 0.03 , 105.33 ,no,no,2,4,1,1
yes,0, 31.75 , 11.00 , 0.01 , 97.42 ,no,no,0,12,1,0
yes,0, 62.50 , 2.65 , 0.10 , 229.49 ,no,no,0,100,1,1
yes,1, 36.33 , 7.35 , 0.07 , 436.28 ,no,no,0,51,0,14
yes,0, 23.00 , 3.20 , 0.02 , 45.12 ,no,no,0,14,1,0
yes,0, 28.33 , 6.20 , 0.07 , 355.97 ,yes,no,0,18,1,9
yes,1, 38.00 , 3.27 , 0.24 , 650.44 ,no,no,2,7,1,3
yes,2, 49.17 , 3.70 , 0.14 , 442.45 ,no,no,4,216,1,11
yes,0, 50.92 , 1.75 , 0.21 , 310.84 ,no,no,0,36,1,1
no,0, 23.58 , 2.43 , 0.00 , -   ,no,yes,2,132,1,1
no,1, 29.00 , 2.70 , 0.00 , -   ,no,no,1,347,0,1
yes,0, 45.25 , 3.70 , 0.14 , 426.83 ,no,no,0,24,1,2
yes,0, 31.67 , 3.20 , 0.01 , 36.25 ,no,no,1,12,1,1
yes,0, 31.83 , 3.10 , 0.13047419999999998 , 337.06 ,no,no,1,52,1,3
no,0, 37.58 , 9.00 , 0.00 , -   ,no,no,0,132,1,0
yes,3, 27.58 , 5.50 , 0.22047310000000003 ," 1,010.50 ",no,yes,0,72,1,11
no,0, 36.08 , 4.10 , 0.00 , -   ,yes,no,2,30,1,0
yes,0, 38.33 , 3.00 , 0.22736399999999998 , 568.24 ,yes,no,0,46,1,2
yes,0, 25.50 , 2.80 , 0.20 , 461.92 ,no,no,0,66,1,3
yes,0, 41.50 , 5.10 , 0.03 , 140.02 ,no,no,1,63,1,4
yes,0, 34.58 , 7.00 , 0.04 , 206.38 ,no,yes,6,63,1,3
yes,0, 24.50 , 2.3040000000000003 , 0.37 , 719.51 ,no,no,0,76,1,2
yes,0, 32.17 , 2.30 , 0.20003220000000002 , 383.31 ,no,no,1,63,1,6
no,1, 24.58 , 1.90 , 0.00 , -   ,no,no,1,14,0,4
yes,0, 23.83 , 2.30 , 0.14 , 265.65 ,no,no,0,6,1,3
no,1, 22.67 , 1.50 , 0.00 , -   ,no,no,3,14,1,4
yes,0, 26.08 , 2.38 , 0.14 , 282.73 ,no,yes,1,114,1,1
yes,0, 30.17 , 2.80 , 0.16438570000000002 , 383.57 ,no,no,0,12,1,6
yes,0, 27.08 , 2.52 , 0.23543649999999997 , 494.89 ,no,no,1,100,1,3
yes,0, 27.17 , 2.20 , 0.01 , 12.650830000000001 ,no,no,0,60,0,2
yes,0, 32.42 , 3.20 , 0.11920530000000001 , 317.46 ,no,no,0,30,1,1
yes,0, 32.50 , 3.70 , 0.00 , 9.74 ,no,no,0,86,1,8
yes,0, 46.00 , 1.80 , 0.03 , 49.42 ,no,no,1,168,1,2
no,2, 47.00 , 2.35 , 0.00 , -   ,no,no,0,159,1,4
yes,0, 22.75 , 1.82 , 0.5418599000000001 , 821.82 ,no,no,0,93,1,2
yes,0, 42.08 , 5.50 , 0.07 , 323.95 ,no,no,0,98,1,4
no,12, 30.42 , 2.60 , 0.00 , -   ,no,no,0,228,1,14
yes,0, 21.42 , 2.15 , 0.27 , 476.32 ,no,no,0,30,1,0
yes,0, 36.67 , 3.80 , 0.04 , 112.99 ,yes,no,3,77,1,4
yes,0, 37.17 , 2.00 , 0.026927999999999997 , 44.46 ,no,no,1,38,0,3
yes,2, 26.58 , 2.45 , 0.12171710000000001 , 248.51 ,no,no,0,5,1,15
yes,1, 46.42 , 3.50 , 0.10964310000000001 , 319.79 ,yes,no,1,121,0,5
yes,0, 25.58 , 2.80 , 0.32525970000000004 , 758.94 ,no,no,0,2,1,7
yes,1, 30.33 , 1.99 , 0.25 , 412.99 ,no,no,0,82,1,8
no,0, 27.50 , 2.00 , 0.00 , -   ,no,no,0,48,1,0
yes,0, 21.00 , 2.10 , 0.08 , 131.99 ,yes,no,0,194,1,5
yes,0, 20.00 , 2.79 , 0.02 , 52.489169999999994 ,no,no,0,86,1,5
yes,0, 23.25 , 2.32 , 0.12 , 225.27 ,no,no,0,3,1,8
yes,0, 45.08 , 4.60 , 0.08 , 298.02 ,no,no,2,72,1,5
no,1, 26.50 , 2.00 , 0.00 , -   ,yes,no,2,60,1,7
yes,0, 29.75 , 3.00 , 0.07 , 173.47 ,no,no,1,60,1,1
yes,0, 52.33 , 3.3280000000000003 , 0.03 , 79.69 ,yes,no,1,243,1,3
yes,0, 41.67 , 2.48 , 0.07 , 138.55 ,no,no,2,222,0,10
yes,0, 22.75 , 4.30 , 0.16 , 565.33 ,no,no,0,12,1,11
no,0, 33.00 , 1.77 , 0.00 , -   ,no,no,0,102,1,1
yes,1, 29.83 , 2.45 , 0.10851960000000001 , 220.89 ,no,no,2,84,1,13
yes,0, 20.25 , 1.85 , 0.34 , 527.94 ,yes,no,0,96,1,2
yes,0, 26.08 , 2.23 , 0.06 , 104.78 ,no,no,0,12,1,1
no,0, 22.50 , 2.50 , 0.00 , -   ,no,no,3,30,0,0
yes,3, 32.83 , 3.51 , 0.16 , 466.35 ,no,no,0,22,1,9
yes,0, 27.33 , 3.29 , 0.03 , 88.82 ,no,no,1,54,1,12
yes,0, 28.50 , 4.23 , 0.12397470000000001 , 437.13 ,no,yes,0,30,1,5
no,1, 36.92 , 1.85 , 0.00 , -   ,no,no,2,192,1,2
yes,0, 26.00 , 2.20 , 0.06 , 114.25 ,no,no,1,28,1,10
no,0, 41.83 , 3.50 , 0.00 , -   ,no,no,0,54,1,0
yes,0, 23.75 , 3.00 , 0.11728330000000001 , 293.04 ,no,no,0,14,1,0
yes,0, 25.25 , 1.80 , 0.45599229999999996 , 683.99 ,yes,no,0,98,1,2
yes,0, 25.67 , 1.70 , 0.08 , 113.10 ,no,no,1,27,1,8
yes,0, 29.00 , 5.50 , 0.06 , 288.36 ,no,no,2,18,1,3
yes,0, 40.58 , 2.57 , 0.05 , 111.68 ,no,no,0,54,1,3
no,2, 59.00 , 3.50 , 0.00 , -   ,no,no,0,365,0,5
yes,0, 37.42 , 2.50 , 0.07 , 151.34 ,no,no,0,15,1,2
yes,0, 30.83 , 3.30 , 0.00 , 4.5833330000000005 ,no,no,1,90,1,4
yes,0, 29.83 , 2.25 , 0.11 , 199.80 ,no,no,0,36,1,0
yes,1, 32.50 , 10.00 , 0.04 , 308.25 ,yes,no,3,35,1,4
yes,0, 25.50 , 2.90 , 0.08 , 193.29 ,no,no,0,2,1,0
no,2, 36.33 , 2.95 , 0.00 , -   ,no,no,1,72,1,3
no,0, 25.33 , 1.60 , 0.00 , -   ,no,no,0,93,1,0
yes,0, 28.50 , 3.40 , 0.02 , 59.854169999999996 ,no,no,0,207,1,4
no,4, 22.00 , 2.10 , 0.00 , -   ,yes,no,0,209,1,10
yes,0, 27.58 , 3.20 , 0.11775619999999999 , 313.43 ,no,no,0,24,1,2
no,0, 29.33 , 3.50 , 0.00 , -   ,no,no,6,0,1,2
yes,0, 31.50 , 2.47 , 0.09 , 195.02 ,no,no,3,94,1,2
yes,0, 27.67 , 2.60 , 0.08 , 162.45 ,no,no,2,60,1,6
no,2, 39.17 , 4.02 , 0.00 , -   ,no,no,1,84,1,4
yes,0, 22.67 , 2.10 , 0.17970899999999998 , 314.49 ,no,no,0,12,0,4
yes,0, 30.08 , 1.95 , 0.18042979999999997 , 292.95 ,no,no,0,50,1,10
no,0, 34.17 , 3.60 , 0.00 , -   ,no,no,4,14,1,0
no,2, 42.83 , 3.70 , 0.00 , -   ,no,no,4,84,0,3
yes,0, 31.58 , 3.00 , 0.21361770000000002 , 533.63 ,no,no,0,7,1,1
yes,0, 32.33 , 4.50 , 0.09 , 343.65 ,no,no,0,48,1,4
no,11, 24.75 , 2.30 , 0.00 , -   ,no,no,0,24,1,12
yes,0, 45.17 , 3.50 , 0.14 , 397.03 ,yes,no,0,234,0,2
yes,0, 25.42 , 2.10 , 0.04 , 71.67 ,yes,no,0,44,1,5
yes,0, 40.75 , 5.00 , 0.12 , 503.55 ,no,no,0,38,1,19
yes,0, 40.17 , 2.45 , 0.07 , 142.51 ,no,no,0,180,1,0
yes,0, 41.42 , 3.50 , 0.00 , 8.33 ,no,no,1,120,1,9
yes,0, 24.50 , 2.50 , 0.23399120000000004 , 487.48 ,no,no,0,15,0,1
no,11, 30.33 , 3.60 , 0.00 , -   ,no,no,0,108,1,16
yes,0, 25.17 , 2.66 , 0.16 , 352.85 ,yes,no,0,96,1,0
no,0, 28.33 , 2.50 , 0.00 , -   ,no,no,0,82,1,0
no,0, 28.42 , 2.00 , 0.00 , -   ,no,no,0,108,1,0
yes,0, 25.08 , 3.52 , 0.02 , 61.166669999999996 ,no,no,0,15,1,3
yes,1, 23.25 , 1.88 , 0.35362990000000005 , 553.11 ,no,no,0,12,1,3
yes,0, 21.25 , 2.25 , 0.03 , 59.09 ,no,no,0,15,1,1
yes,0, 39.83 , 1.71 , 0.09 , 132.47 ,no,no,0,72,1,0
yes,0, 25.75 , 4.00 , 0.03 , 89.83 ,no,no,0,60,0,5
yes,0, 25.25 , 2.16 , 0.02 , 36.33 ,no,no,0,38,0,2
yes,2, 40.42 , 3.30 , 0.04 , 108.98 ,no,no,1,58,1,14
yes,0, 37.67 , 7.00 , 0.01 , 64.56 ,yes,no,3,96,1,5
yes,0, 25.25 , 2.10 , 0.11 , 192.64 ,no,no,0,4,1,8
yes,0, 41.67 , 3.00 , 0.05 , 131.77 ,yes,no,0,166,1,7
yes,1, 24.25 , 3.50 , 0.07 , 203.89 ,no,no,0,60,1,11
no,0, 22.92 , 2.07 , 0.00 , -   ,no,no,0,1,1,0
yes,0, 19.00 , 2.80 , 0.16721429999999998 , 390.17 ,yes,no,0,10,0,0
yes,0, 57.083330000000004 , 5.00 , 0.00 , -   ,yes,yes,0,144,1,7
yes,0, 33.92 , 2.19 , 0.14831960000000002 , 270.37 ,no,no,0,15,1,7
no,14, 48.25 , 2.00 , 0.00 , -   ,yes,no,1,120,1,15
yes,1, 48.75 , 2.70 , 0.00 , -   ,no,yes,0,120,1,3
yes,0, 28.92 , 2.69 , 0.16 , 352.17 ,no,no,1,62,0,0
yes,1, 40.83 , 3.73 , 0.06 , 179.77 ,yes,no,1,151,1,7
yes,0, 32.83 , 2.00 , 0.09 , 156.09 ,yes,no,2,8,0,2
yes,0, 44.33 , 4.30 , 0.02 , 57.91583000000001 ,yes,no,3,156,1,9
yes,0, 38.17 , 5.50 , 0.04 , 205.51 ,yes,no,4,99,1,9
yes,0, 37.33 , 5.92 , 0.03 , 149.30 ,yes,no,2,48,1,7
yes,1, 44.25 , 7.60 , 0.05 , 310.74 ,yes,no,6,207,1,11
yes,0, 18.17 , 2.82 , 0.04 , 97.94 ,no,no,0,2,0,1
yes,0, 24.58 , 2.20 , 0.07 , 127.12 ,yes,no,0,229,0,1
yes,0, 47.50 , 2.66 , 0.10 , 220.79 ,yes,no,0,269,1,8
no,3, 31.67 , 7.50 , 0.00 , -   ,no,no,0,30,1,7
yes,0, 33.08 , 4.00 , 0.26 , 854.79 ,yes,no,2,42,1,4
yes,0, 31.58 , 6.50 , 0.11 , 602.92 ,yes,no,2,12,1,6
yes,0, 38.42 , 5.60 , 0.09 , 436.26 ,yes,no,4,114,0,7
no,0, 19.58 , 2.10 , 0.00 , -   ,no,no,0,124,1,2
yes,0, 35.33 , 4.50 , 0.02 , 67.10 ,yes,no,1,14,1,0
yes,0, 29.25 , 2.51 , 0.05 , 94.27 ,no,no,1,12,0,0
yes,2, 46.00 , 10.03 , 0.01 , 84.39083000000001 ,yes,no,2,134,1,15
yes,0, 19.92 , 3.50 , 0.06 , 175.44 ,no,no,1,24,1,3
yes,0, 22.83 , 3.50 , 0.05 , 132.13 ,no,yes,0,8,1,3
yes,0, 24.33 , 3.90 , 0.09 , 305.84 ,no,no,2,27,1,0
yes,0, 18.50 , 2.50 , 0.21153160000000001 , 440.69 ,no,no,0,4,0,1
yes,0, 49.17 , 5.20 , 0.15 , 634.86 ,yes,no,1,303,1,11
no,0, 47.75 , 1.50 , 0.00 , -   ,yes,no,0,60,1,0
yes,0, 49.17 , 10.00 , 0.01 , 92.44 ,yes,no,4,218,0,12
yes,0, 57.583330000000004 , 4.10 , 0.08 , 286.57 ,yes,no,3,121,1,15
yes,0, 24.58 , 2.20 , 0.07 , 121.03 ,no,no,0,22,1,6
yes,0, 26.42 , 4.38 , 0.04 , 136.12 ,yes,no,5,24,1,6
no,5, 38.25 , 2.49 , 0.00 , -   ,no,no,2,24,1,10
yes,1, 29.58 , 6.60 , 0.09 , 510.09 ,yes,no,0,24,1,14
yes,1, 30.67 , 2.74 , 0.02 , 42.310829999999996 ,yes,no,3,76,1,8
yes,1, 58.916669999999996 , 2.70 , 0.00 , 6.4166669999999995 ,yes,no,0,252,1,8
yes,0, 38.50 , 3.26 , 0.00 , 7.0833330000000005 ,no,no,4,18,1,0
yes,0, 45.67 , 5.80 , 0.03 , 159.73 ,yes,no,0,118,1,6
yes,0, 25.83 , 2.50 , 0.059801599999999996 , 124.50 ,no,no,0,6,0,0
yes,0, 30.00 , 3.50 , 0.35 ," 1,028.96 ",yes,no,0,6,0,2
no,0, 80.17 , 1.50 , 0.00 , -   ,no,no,0,24,1,0
no,0, 25.58 , 1.75 , 0.00 , -   ,no,no,0,108,0,0
no,5, 40.08 , 4.40 , 0.00 , -   ,yes,no,1,84,1,15
yes,0, 42.08 , 4.70 , 0.02 , 71.96 ,yes,yes,3,150,1,2
yes,0, 49.00 , 3.30 , 0.04 , 111.62 ,yes,no,0,252,1,0
yes,0, 44.00 , 5.80 , 0.08 , 386.05 ,yes,no,4,25,1,16
no,1, 43.17 , 5.32 , 0.00 , -   ,yes,no,5,110,1,7
yes,0, 25.00 , 2.40 , 0.03 , 62.50833000000001 ,no,no,0,192,1,9
yes,0, 43.83 , 3.25 , 0.06 , 159.36 ,yes,no,2,109,1,6
yes,0, 24.50 , 3.06 , 0.17 , 434.88 ,no,no,0,3,1,0
yes,0, 39.50 , 3.00 , 0.02 , 40.33 ,yes,no,3,14,1,9
yes,0, 25.67 , 2.20 , 0.02 , 38.71 ,yes,no,1,26,1,7
yes,0, 43.67 , 3.00 , 0.02 , 57.31 ,yes,no,1,3,1,5
yes,0, 46.33 , 4.20 , 0.01 , 30.445829999999997 ,yes,no,1,216,1,27
yes,0, 34.17 , 2.37 , 0.05 , 106.72 ,yes,no,0,38,1,13
yes,1, 38.83 , 2.52 , 0.09 , 181.41 ,yes,no,0,138,1,8
yes,1, 37.08 , 5.49 , 0.16021400000000002 , 732.98 ,yes,no,1,60,1,19
yes,0, 19.50 , 2.98 , 0.00 , -   ,no,no,0,18,1,0
no,0, 27.42 , 3.60 , 0.00 , -   ,no,no,0,18,1,2
yes,0, 39.92 , 2.25 , 0.05 , 95.53 ,yes,no,0,240,1,7
yes,0, 45.67 , 3.2239999999999998 , 0.33 , 896.94 ,yes,no,5,168,0,9
yes,0, 52.17 , 5.00 , 0.020497799999999997 , 85.24 ,yes,no,1,201,0,16
no,3, 34.75 , 2.67 , 0.00 , -   ,no,no,0,51,1,25
yes,0, 30.08 , 3.75 , 0.10 , 298.48 ,yes,no,1,12,1,9
yes,0, 61.583330000000004 , 3.75 , 0.00 , -   ,yes,no,0,288,1,5
yes,0, 32.67 , 3.70 , 0.00 , 11.71 ,yes,no,2,30,1,15
yes,0, 38.83 , 3.30 , 0.02 , 65.82 ,yes,no,3,188,1,19
yes,0, 37.08 , 7.00 , 0.15401589999999998 , 898.43 ,yes,no,3,24,1,8
yes,2, 33.50 , 3.37 , 0.17582820000000002 , 494.49 ,no,no,1,66,1,15
no,0, 30.08 , 3.12 , 0.00 , -   ,no,no,2,12,0,5
yes,0, 42.67 , 2.59 , 0.03 , 67.53584000000001 ,yes,yes,3,96,1,5
yes,2, 29.42 , 2.10 , 0.07 , 126.10 ,yes,no,3,90,0,5
yes,0, 52.666669999999996 , 3.00 , 0.039573000000000004 , 98.68 ,yes,no,1,220,1,8
yes,0, 29.83 , 3.00 , 0.11 , 264.97 ,yes,no,1,51,0,11
yes,0, 45.75 , 4.40 , 0.00 , 17.08 ,yes,no,3,12,1,18
yes,0, 30.17 , 3.10 , 0.18 , 469.25 ,yes,no,2,40,1,15
yes,0, 30.83 , 2.98 , 0.04 , 108.30 ,no,no,3,36,1,9
yes,0, 22.25 , 2.80 , 0.25 , 590.95 ,yes,no,1,6,1,7
no,0, 37.17 , 1.83 , 0.00 , -   ,no,no,2,52,1,0
yes,0, 22.00 , 3.29 , 0.02 , 48.08 ,no,no,2,21,1,5
yes,0, 29.00 , 2.70 , 0.00 , -   ,no,no,0,24,1,20
yes,0, 28.33 , 3.90 , 0.04 , 141.69 ,yes,no,1,49,1,17
no,5, 27.17 , 1.80 , 0.00 , -   ,no,no,2,34,1,7
yes,0, 31.33 , 3.20 , 0.04 , 109.61 ,no,no,2,17,1,0
yes,0, 32.67 , 3.65 , 0.54 ," 1,637.53 ",yes,no,1,32,1,7
yes,0, 30.58 , 3.50 , 0.04 , 114.56 ,no,no,5,57,1,9
yes,0, 40.67 , 4.77 , 0.00 , 11.67 ,yes,no,0,144,1,10
yes,0, 39.08 , 4.20 , 0.01 , 22.36 ,yes,no,0,24,1,5
no,10, 43.25 , 5.00 , 0.00 , -   ,yes,yes,4,144,1,11
yes,0, 24.75 , 2.00 , 0.054997500000000005 , 91.41 ,yes,yes,1,24,0,10
yes,0, 26.50 , 2.60 , 0.11064769999999999 , 239.49 ,yes,no,0,12,1,13
yes,0, 61.166669999999996 , 5.00 , 0.05 , 190.43 ,yes,no,2,6,0,0
yes,0, 44.08 , 4.00 , 0.02 , 66.73 ,yes,yes,2,120,1,12
yes,0, 61.083330000000004 , 5.37 , 0.05 , 221.89 ,yes,yes,0,12,1,0
yes,0, 40.67 , 2.72 , 0.20 , 446.42 ,no,no,2,36,1,14
yes,0, 20.83 , 1.80 , 0.5535178000000001 , 830.28 ,no,no,0,5,0,0
yes,0, 45.92 , 4.00 , 0.03 , 113.63 ,yes,no,2,24,0,16
yes,0, 26.83 , 2.10 , 0.00 , -   ,no,no,2,30,1,18
no,0, 33.58 , 2.55 , 0.00 , -   ,no,no,3,36,1,0
yes,0, 30.67 , 2.50 , 0.06 , 127.37 ,yes,no,1,24,1,23
yes,0, 23.92 , 2.00 , 0.10 , 166.90 ,no,no,0,9,1,0
yes,0, 34.83 , 3.00 , 0.13 , 315.94 ,no,no,6,12,0,16
yes,0, 38.58 , 2.60 , 0.08 , 171.86 ,yes,no,0,51,1,9
yes,1, 35.83 , 2.40 , 0.02 , 46.61 ,no,yes,1,37,1,13
yes,0, 36.00 , 4.00 , 0.09 , 306.47 ,yes,no,0,12,1,11
yes,0, 42.67 , 6.20 , 0.01 , 31.00 ,yes,no,2,132,1,14
yes,0, 22.58 , 2.20 , 0.08 , 140.30 ,no,no,0,9,1,3
no,1, 28.50 , 2.00 , 0.00 , -   ,no,no,3,0,1,2
yes,1, 44.92 , 5.80 , 0.04 , 175.64 ,yes,no,2,148,1,16
yes,0, 30.58 , 1.80 , 0.02 , 29.515829999999998 ,no,no,0,6,1,10
yes,0, 27.25 , 3.26 , 0.02 , 67.20 ,no,no,0,16,1,5
yes,0, 24.00 , 2.10 , 0.08 , 146.27 ,yes,no,0,24,1,14
yes,0, 23.42 , 2.75 , 0.00 , 4.5833330000000005 ,no,no,0,7,1,9
yes,1, 55.333330000000004 , 3.70 , 0.05 , 160.45 ,yes,no,1,300,1,4
yes,0, 35.17 , 4.82 , 0.04 , 171.51 ,yes,no,2,48,1,18
yes,0, 46.33 , 3.05 , 0.00 , 8.13 ,yes,no,0,96,0,4
yes,0, 39.42 , 2.40 , 0.19 , 384.17 ,no,no,1,96,1,7
yes,0, 34.92 , 5.00 , 0.42584540000000004 ," 1,774.36 ",yes,no,3,36,1,7
yes,0, 19.08 , 2.60 , 0.13 , 285.26 ,no,no,0,87,1,2
yes,0, 27.58 , 4.00 , 0.01 , 49.25 ,yes,yes,3,40,1,13
yes,0, 46.25 , 6.80 , 0.01 , 40.20 ,yes,yes,0,48,1,2
yes,0, 47.17 , 1.94 , 0.02 , 26.50 ,no,no,0,10,0,13
yes,0, 25.42 , 2.45 , 0.09 , 183.56 ,no,no,0,48,1,6
yes,0, 51.33 , 4.53 , 0.01 , 45.35 ,yes,no,4,126,0,5
yes,0, 41.00 , 6.83 , 0.11685319999999999 , 664.60 ,no,no,2,12,1,0
yes,1, 36.33 , 3.85 , 0.01 , 37.02 ,no,no,1,36,1,8
yes,0, 32.42 , 2.75 , 0.38 , 862.96 ,yes,no,2,27,1,9
no,3, 41.75 , 3.50 , 0.00 , -   ,yes,no,2,38,1,19
no,3, 32.75 , 3.00 , 0.00 , -   ,yes,no,3,32,1,7
yes,0, 21.92 , 2.30 , 0.07 , 143.43 ,yes,no,2,24,1,10
yes,0, 29.25 , 1.80 , 0.08 , 124.63 ,no,no,0,51,1,3
yes,0, 21.08 , 2.20 , 0.31526370000000004 , 577.98 ,no,no,0,143,1,6
yes,0, 34.67 , 4.80 , 0.07 , 266.34 ,yes,no,3,15,1,0
yes,0, 27.92 , 2.04 , 0.02 , 30.05 ,yes,no,2,38,1,4
yes,1, 36.50 , 1.68 , 0.14 , 193.32 ,yes,no,0,44,1,12
yes,0, 24.00 , 2.78 , 0.05 , 121.63 ,no,no,0,3,1,0
yes,0, 63.75 , 6.00 , 0.00 , 8.33 ,no,no,0,50,1,14
yes,0, 25.83 , 3.50 , 0.05 , 158.60 ,no,no,0,34,0,2
no,4, 42.42 , 1.80 , 0.00 , -   ,no,no,2,48,1,10
yes,0, 35.00 , 3.90 , 0.05 , 178.46 ,yes,no,2,36,1,7
yes,0, 20.67 , 2.00 , 0.10022400000000001 , 167.04 ,no,no,0,14,1,1
yes,2, 41.83 , 7.12 , 0.10 , 569.55 ,yes,no,3,96,1,6
no,2, 24.92 , 1.85 , 0.00 , -   ,no,no,0,14,0,3
yes,0, 32.08 , 1.60 , 0.26 , 351.36 ,no,no,0,6,1,3
yes,0, 34.08 , 4.85 , 0.05 , 198.02 ,yes,no,2,114,1,12
yes,0, 37.17 , 2.83 , 0.07 , 153.75 ,yes,no,0,240,1,2
no,1, 27.08 , 2.70 , 0.00 , -   ,no,no,1,169,0,6
no,0, 56.00 , 1.45 , 0.00 , -   ,yes,no,0,242,1,4
yes,0, 26.75 , 1.80 , 0.01 , 9.17 ,yes,no,0,53,1,9
no,0, 33.25 , 3.70 , 0.00 , -   ,yes,no,2,72,1,0
yes,0, 19.17 , 1.90 , 0.28296209999999994 , 448.02 ,no,no,0,192,0,1
yes,0, 35.92 , 2.62 , 0.22 , 470.30 ,yes,no,1,6,0,9
yes,0, 25.17 , 3.75 , 0.13 , 400.07 ,yes,no,0,7,1,11
yes,0, 45.75 , 4.50 , 0.04 , 149.10 ,yes,no,2,132,1,9
no,4, 38.50 , 3.70 , 0.00 , -   ,no,no,2,24,1,11
yes,1, 42.00 , 3.8360000000000003 , 0.10 , 332.24 ,yes,no,3,14,1,14
no,0, 25.83 , 1.59 , 0.00 , -   ,no,no,0,87,1,9
no,2, 25.92 , 2.07 , 0.00 , -   ,no,no,0,20,0,7
yes,0, 31.08 , 5.10 , 0.17 , 721.06 ,yes,no,3,15,1,9
no,3, 40.50 , 4.01 , 0.00 , -   ,no,no,1,12,1,17
yes,0, 67.17 , 4.47 , 0.00 , 7.0833330000000005 ,no,no,1,36,1,1
yes,0, 33.08 , 3.50 , 0.06 , 166.24 ,no,no,0,26,1,1
yes,0, 45.75 , 5.00 , 0.00 , 5.5208330000000005 ,yes,no,0,144,1,14
yes,1, 28.17 , 2.50 , 0.00 , 5.8333330000000005 ,no,no,1,24,1,6
yes,0, 30.42 , 1.50 , 0.06 , 78.89 ,no,no,1,24,0,5
yes,1, 47.00 , 3.84 , 0.01 , 20.25 ,yes,no,2,233,1,16
yes,1, 42.75 , 3.60 , 0.04 , 113.95 ,yes,no,2,60,1,22
yes,0, 44.50 , 2.95 , 0.20 , 493.73 ,no,no,0,180,1,13
yes,0, 37.67 , 2.39 , 0.17 , 332.70 ,yes,yes,0,168,1,13
yes,0, 28.00 , 2.16 , 0.02 , 42.52 ,no,no,0,50,0,3
yes,0, 31.75 , 2.0069999999999997 , 0.09 , 151.03 ,no,no,1,4,1,0
yes,0, 22.92 , 1.56 , 0.10 , 128.07 ,yes,no,0,6,0,7
no,4, 57.75 , 2.00 , 0.00 , -   ,yes,yes,0,36,0,44
yes,0, 23.00 , 2.90 , 0.00 , -   ,no,no,1,12,1,0
yes,0, 24.17 , 3.70 , 0.07 , 219.27 ,yes,no,1,8,1,5
yes,0, 37.17 , 3.84 , 0.01 , 37.71 ,no,no,3,10,1,0
no,1, 63.416669999999996 , 2.14 , 0.00 , -   ,yes,no,0,240,1,7
no,0, 23.00 , 2.40 , 0.00 , -   ,no,no,0,1,1,0
yes,0, 24.33 , 2.40 , 0.18 , 362.64 ,no,no,0,16,1,0
yes,0, 41.08 , 2.00 , 0.01 , 8.33 ,yes,no,0,9,0,4
no,0, 28.17 , 1.55 , 0.00 , -   ,no,no,3,5,0,1
no,1, 52.33 , 2.00 , 0.00 , -   ,yes,no,3,54,1,7
yes,0, 28.00 , 3.10 , 0.22 , 580.97 ,yes,no,0,15,1,5
yes,0, 28.75 , 2.50 , 0.01 , 25.29 ,yes,no,0,27,1,16
yes,0, 39.08 , 5.10 , 0.05 , 210.23 ,yes,no,3,60,0,22
yes,0, 32.25 , 2.00 , 0.07 , 121.34 ,yes,no,1,24,1,2
yes,0, 33.25 , 3.60 , 0.03 , 77.81 ,no,no,3,16,1,9
yes,0, 25.00 , 3.40 , 0.00 , -   ,yes,no,2,29,0,4
yes,0, 42.42 , 4.20 , 0.03 , 87.31 ,yes,no,4,36,1,14
no,3, 35.25 , 1.70 , 0.00 , -   ,yes,no,3,135,0,25
no,0, 33.08 , 1.94 , 0.00 , -   ,no,no,1,96,1,5
yes,0, 33.83 , 2.90 , 0.19510829999999998 , 471.35 ,yes,no,2,147,1,8
yes,0, 48.17 , 1.70 , 0.01 , 16.63 ,yes,no,0,108,1,18
no,0, 26.75 , 4.90 , 0.00 , -   ,no,no,2,6,1,0
yes,0, 40.08 , 2.22 , 0.40 , 737.08 ,yes,no,2,10,1,14
yes,0, 32.42 , 6.11 , 0.10700660000000001 , 544.52 ,yes,no,1,67,1,1
no,1, 20.92 , 2.63 , 0.00 , -   ,no,yes,0,20,1,2
no,2, 21.50 , 1.56 , 0.00 , -   ,yes,no,0,1,1,12
yes,0, 27.83 , 2.6519999999999997 , 0.07 , 160.88 ,yes,no,3,24,1,3
yes,0, 43.92 , 2.80 , 0.05 , 108.62 ,yes,no,0,147,1,1
yes,0, 24.25 , 1.60 , 0.37552440000000004 , 500.62 ,yes,no,0,48,0,1
yes,0, 29.08 , 5.00 , 0.16197820000000002 , 674.91 ,yes,no,4,3,1,0
yes,1, 27.75 , 2.04 , 0.21 , 364.82 ,no,no,0,24,1,10
yes,0, 47.58 , 5.04 , 0.05 , 216.17 ,no,no,3,47,1,9
no,0, 19.83 , 1.92 , 0.00 , -   ,no,no,0,6,0,4
no,0, 42.00 , 3.40 , 0.00 , -   ,yes,no,3,5,1,9
yes,0, 42.75 , 3.20 , 0.11 , 287.76 ,yes,no,0,68,1,9
yes,0, 44.58 , 3.10 , 0.13 , 323.06 ,yes,no,0,75,1,5
yes,0, 35.83 , 1.88 , 0.14 , 214.10 ,no,no,1,3,1,12
yes,0, 21.83 , 2.40 , 0.08 , 163.84 ,no,no,0,105,0,1
yes,0, 25.92 , 3.00 , 0.06 , 154.74 ,yes,no,0,40,1,16
no,0, 40.92 , 1.84 , 0.00 , -   ,no,yes,2,18,1,0
yes,0, 35.83 , 2.50 , 0.08 , 164.81 ,yes,no,1,42,0,11
yes,0, 31.00 , 5.11 , 0.03 , 126.39 ,yes,no,2,16,1,19
yes,0, 51.67 , 2.50 , 0.02 , 39.91 ,yes,no,0,138,0,3
yes,0, 34.00 , 5.40 , 0.07 , 321.21 ,yes,no,3,24,1,4
no,2, 30.58 , 2.50 , 0.00 , -   ,no,no,0,12,1,18
yes,0, 33.33 , 2.10 , 0.13 , 228.97 ,no,no,0,6,0,0
yes,1, 32.75 , 6.00 , 0.09 , 449.04 ,no,no,0,6,0,17
yes,0, 26.08 , 1.56 , 0.06 , 79.60916999999999 ,no,no,2,13,1,13
yes,0, 31.92 , 4.07 , 0.07 , 233.04 ,no,no,0,12,1,14
yes,1, 20.58 , 2.70 , 0.12 , 266.19 ,no,no,0,147,1,22
yes,0, 23.42 , 2.04 , 0.12 , 204.09 ,yes,no,0,7,1,12
yes,0, 60.25 , 2.80 , 0.04 , 101.85 ,yes,no,3,232,1,7
yes,0, 24.83 , 6.20 , 0.17 , 881.26 ,no,no,0,12,1,7
yes,0, 30.17 , 2.19 , 0.49 , 889.59 ,no,no,0,6,1,0
yes,0, 29.33 , 3.20 , 0.05 , 142.88 ,no,no,0,36,0,6
yes,0, 48.17 , 2.30 , 0.23 , 434.13 ,yes,no,0,72,0,2
yes,0, 25.25 , 1.76 , 0.14 , 201.66 ,no,no,0,28,1,12
no,0, 69.75 , 1.80 , 0.00 , -   ,yes,no,0,528,0,5
yes,0, 53.25 , 3.96 , 0.00 , 7.0833330000000005 ,yes,no,1,180,0,5
yes,0, 54.083330000000004 , 2.50 , 0.01 , 18.254170000000002 ,yes,no,1,102,0,13
yes,0, 32.00 , 2.28 , 0.07 , 127.98 ,yes,no,0,48,0,15
yes,0, 33.75 , 2.50 , 0.08 , 161.16 ,yes,no,1,30,1,6
yes,0, 23.17 , 2.60 , 0.82 ," 1,786.28 ",no,no,0,4,1,0
yes,0, 24.75 , 2.20 , 0.16 , 284.26 ,yes,no,0,36,1,6
yes,4, 40.42 , 2.45 , 0.21 , 426.45 ,yes,no,1,41,1,12
no,2, 48.25 , 6.80 , 0.00 , -   ,yes,yes,1,56,0,20
no,0, 35.83 , 4.50 , 0.00 , -   ,yes,no,6,6,0,0
yes,0, 49.67 , 4.96 , 0.11 , 435.99 ,yes,no,4,168,1,7
yes,0, 34.67 , 5.00 , 0.014079399999999999 , 58.080830000000006 ,yes,no,4,6,1,0
yes,0, 34.92 , 2.10 , 0.06 , 103.33 ,no,no,2,49,1,4
yes,0, 47.33 , 10.40 , 0.23094770000000003 ," 2,001.55 ",yes,no,2,9,0,0
no,0, 19.50 , 1.56 , 0.00 , -   ,yes,no,0,46,0,3
no,9, 30.33 , 2.30 , 0.00 , -   ,no,yes,3,15,1,9
no,0, 40.00 , 4.99 , 0.00 , -   ,yes,no,2,32,1,16
no,6, 35.25 , 5.63 , 0.00 , -   ,yes,no,3,18,0,10
no,0, 23.75 , 1.67 , 0.00 , -   ,no,no,0,27,1,0
yes,0, 0.75 , 1.60 , 0.15419059999999998 , 205.25 ,no,no,0,1,1,9
yes,0, 24.83 , 1.51 , 0.21 , 258.17 ,yes,no,0,30,1,2
yes,0, 38.75 , 2.85 , 0.01 , 15.833329999999998 ,yes,no,1,120,1,16
yes,0, 24.92 , 2.30 , 0.09 , 163.04 ,no,no,0,26,1,7
yes,0, 25.33 , 3.00 , 0.19 , 475.02 ,no,no,0,10,0,0
yes,1, 23.25 , 2.20 , 0.23 , 429.91 ,yes,no,0,228,0,9
yes,0, 49.83 , 0.21 , 0.27 , 47.241659999999996 ,yes,no,2,42,1,1
yes,0, 37.08 , 2.80 , 0.17 , 396.50 ,no,no,0,36,1,23
no,0, 20.17 , 1.80 , 0.00 , -   ,no,no,0,4,0,1
no,2, 24.58 , 2.20 , 0.00 , -   ,no,no,0,6,1,8
yes,1, 28.50 , 3.00 , 0.03 , 73.17 ,no,no,0,51,1,5
yes,0, 45.58 , 2.40 , 0.01 , 23.58 ,yes,no,2,122,1,11
no,0, 20.58 , 1.20 , 0.00 , -   ,no,yes,1,24,1,0
yes,0, 54.25 , 6.80 , 0.10 , 569.92 ,no,no,0,24,1,15
yes,0, 24.58 , 1.50 , 0.02 , 24.07 ,no,no,0,28,1,5
yes,0, 31.92 , 2.70 , 0.11513110000000001 , 258.88 ,no,no,0,19,1,0
yes,1, 43.75 , 3.50 , 0.13290339999999998 , 387.22 ,yes,no,3,180,0,19
no,0, 31.92 , 2.10 , 0.00 , -   ,no,no,2,60,1,2
yes,0, 22.83 , 2.50 , 0.40 , 839.30 ,no,no,0,4,1,1
yes,0, 28.08 , 5.47 , 0.03 , 133.07 ,yes,no,3,18,1,0
no,0, 27.58 , 2.35 , 0.00 , -   ,no,no,3,6,1,0
yes,0, 22.08 , 1.65 , 0.05 , 68.54583000000001 ,no,no,0,36,1,3
yes,0, 34.17 , 9.20 , 0.09 , 664.12 ,yes,no,5,81,1,7
yes,1, 54.666669999999996 , 7.29 , 0.10653610000000001 , 647.21 ,yes,no,2,78,1,9
yes,0, 32.92 , 2.72 , 0.17767170000000002 , 402.72 ,no,no,1,6,1,8
yes,0, 40.00 , 3.6239999999999997 , 0.02 , 47.08 ,yes,no,3,124,1,19
yes,0, 26.00 , 5.30 , 0.05 , 242.15 ,yes,no,1,24,1,20
yes,0, 55.25 , 4.90 , 0.07 , 273.49 ,yes,no,2,96,1,17
yes,0, 32.25 , 3.62 , 0.05 , 150.29 ,yes,no,3,97,1,13
yes,0, 38.92 , 2.14 , 0.06 , 106.20 ,no,no,1,66,1,14
yes,0, 28.42 , 2.50 , 0.19 , 402.79 ,yes,no,0,18,1,7
no,0, 39.58 , 0.49 , 0.00 , -   ,yes,no,2,100,1,0
yes,1, 55.583330000000004 , 4.30 , 0.04 , 125.48 ,yes,no,0,6,1,31
yes,0, 42.00 , 6.30 , 0.04 , 213.00 ,yes,no,4,72,1,20
yes,0, 21.17 , 2.40 , 0.10083289999999999 , 201.58 ,no,no,0,2,1,5
yes,0, 33.08 , 2.80 , 0.03 , 70.29 ,yes,no,1,72,1,20
yes,0, 37.75 , 5.00 , 0.05 , 188.73 ,yes,no,4,36,1,25
yes,0, 28.42 , 2.80 , 0.01 , 32.67 ,no,no,0,27,1,19
yes,0, 31.08 , 2.80 , 0.09 , 202.47 ,yes,no,3,15,1,17
yes,0, 30.50 , 2.65 , 0.03 , 69.43 ,no,no,3,36,1,9
no,0, 25.25 , 1.60 , 0.00 , -   ,no,no,0,12,1,0
no,4, 46.92 , 2.10 , 0.00 , -   ,no,no,0,25,0,3
no,0, 36.17 , 2.41 , 0.00 , -   ,no,no,4,14,1,0
no,1, 52.75 , 3.10 , 0.00 , -   ,yes,no,2,75,1,9
yes,0, 34.17 , 2.62 , 0.04 , 84.73 ,no,no,2,3,1,12
no,0, 53.00 , 11.00 , 0.00 , -   ,yes,yes,0,429,1,0
yes,0, 22.33 , 1.80 , 0.05 , 80.06 ,no,no,0,48,0,1
yes,0, 30.00 , 2.50 , 0.021049599999999998 , 43.44 ,yes,no,3,50,1,14
yes,0, 25.17 , 1.80 , 0.10 , 142.95 ,no,no,0,24,0,4
no,0, 21.08 , 2.73 , 0.00 , -   ,no,no,1,18,1,0
no,0, 22.92 , 2.05 , 0.00 , -   ,no,no,0,42,0,4
yes,0, 40.67 , 5.05 , 0.03 , 119.30 ,yes,no,0,128,1,10
no,2, 33.83 , 3.80 , 0.00 , -   ,yes,no,0,153,1,11
no,1, 35.17 , 4.29 , 0.00 , -   ,yes,no,3,24,0,13
yes,0, 28.83 , 3.60 , 0.04 , 130.03 ,yes,yes,0,56,1,10
yes,0, 30.75 , 4.30 , 0.13 , 482.66 ,yes,no,4,16,1,7
no,0, 41.33 , 4.44 , 0.00 , -   ,yes,no,2,98,1,3
yes,0, 38.50 , 2.60 , 0.40 , 858.35 ,no,no,0,33,1,16
no,1, 33.75 , 4.10 , 0.00 , -   ,yes,no,2,22,1,15
no,0, 29.08 , 2.86 , 0.00 , -   ,no,no,0,38,1,0
yes,0, 27.08 , 2.40 , 0.02 , 33.013329999999996 ,no,no,0,56,1,1
yes,0, 23.25 , 1.80 , 0.03 , 46.06 ,no,no,1,4,0,0
yes,0, 33.83 , 1.80 , 0.11 , 169.88 ,no,no,0,4,1,8
yes,0, 38.17 , 5.10 , 0.02 , 90.06333000000001 ,no,no,0,60,1,7
yes,0, 35.58 , 3.56 , 0.10908410000000002 , 323.59 ,no,no,0,12,1,0
yes,0, 30.42 , 4.15 , 0.15 , 520.34 ,no,no,1,16,1,4
no,0, 31.58 , 2.02 , 0.00 , -   ,no,no,0,14,1,3
yes,0, 23.00 , 1.80 , 0.11 , 167.21 ,no,no,0,6,1,0
yes,1, 25.25 , 2.90 , 0.09 , 209.84 ,no,no,0,276,1,6
no,6, 35.58 , 4.00 , 0.00 , -   ,no,no,0,29,0,5
yes,0, 28.67 , 2.95 , 0.09 , 229.80 ,no,no,0,26,1,4
no,0, 37.00 , 3.20 , 0.00 , -   ,no,no,0,14,1,0
yes,0, 41.08 , 4.50 , 0.14 , 536.25 ,yes,no,2,6,1,10
no,6, 37.42 , 7.00 , 0.00 , -   ,yes,no,4,120,1,10
no,0, 19.42 , 2.20 , 0.00 , -   ,no,no,0,6,1,0
yes,0, 22.33 , 2.80 , 0.08 , 191.84 ,no,no,0,4,1,0
yes,0, 29.08 , 2.20 , 0.00 , -   ,no,no,0,9,1,0
yes,0, 26.75 , 5.77 , 0.08 , 362.75 ,yes,no,1,13,1,11
yes,0, 43.08 , 2.43 , 0.08 , 163.18 ,no,no,2,18,1,28
yes,0, 37.33 , 7.00 , 0.03 , 176.27 ,yes,no,2,14,1,17
yes,0, 26.75 , 2.15 , 0.03 , 61.333330000000004 ,no,no,0,10,0,4
yes,0, 42.17 , 5.20 , 0.01 , 57.440830000000005 ,yes,no,3,29,1,9
yes,0, 28.17 , 4.70 , 0.24 , 948.36 ,yes,no,0,6,1,19
yes,0, 26.08 , 2.50 , 0.06 , 132.59 ,yes,no,0,14,1,13
yes,0, 48.25 , 5.00 , 0.02 , 91.18 ,no,no,3,7,1,0
yes,0, 27.83 , 3.50 , 0.05 , 146.43 ,yes,no,2,17,1,11
yes,0, 26.33 , 2.45 , 0.05 , 111.82 ,no,no,0,6,1,11
no,0, 21.08 , 10.00 , 0.00 , -   ,no,no,2,8,0,0
yes,0, 30.58 , 3.20 , 0.15 , 396.27 ,yes,no,2,12,0,7
yes,0, 27.83 , 3.54 , 0.01 , 19.59 ,no,no,2,3,1,0
yes,0, 49.17 , 3.11 , 0.01 , 21.47 ,yes,no,1,154,0,6
no,2, 35.00 , 2.25 , 0.00 , -   ,no,no,1,84,1,3
yes,1, 48.67 , 6.00 , 0.18 , 885.09 ,yes,no,3,114,1,19
no,11, 24.58 , 1.68 , 0.00 , -   ,no,no,2,2,1,8
yes,0, 29.58 , 2.40 , 0.015269999999999999 , 29.956670000000003 ,no,no,1,18,1,8
yes,0, 41.42 , 3.20 , 0.01 , 26.88 ,no,no,1,16,1,2
yes,0, 40.92 , 6.00 , 0.08 , 394.57 ,yes,no,0,42,1,5
yes,0, 22.00 , 1.75 , 0.62 , 906.31 ,no,no,0,2,1,0
no,0, 36.00 , 4.50 , 0.00 , -   ,yes,no,2,228,1,0
yes,0, 39.58 , 2.50 , 0.19 , 400.45 ,no,no,0,12,1,4
yes,0, 31.58 , 2.55 , 0.14290550000000002 , 303.67 ,no,no,1,60,1,7
yes,0, 33.08 , 3.26 , 0.05 , 143.02 ,no,no,0,37,1,18
yes,1, 22.83 , 3.60 , 0.05 , 146.44 ,no,no,0,30,1,20
no,0, 35.42 , 2.78 , 0.00 , -   ,no,no,0,6,1,0
yes,0, 58.083330000000004 , 4.40 , 0.03 , 97.18 ,yes,yes,1,132,1,12
yes,0, 38.75 , 3.20 , 0.01 , 39.00 ,yes,no,2,24,1,19
no,0, 27.42 , 1.60 , 0.00 , -   ,yes,no,1,30,0,0
no,0, 23.92 , 1.64 , 0.00 , -   ,no,no,1,13,1,0
yes,0, 30.08 , 2.70 , 0.01 , 27.42 ,no,no,2,1,1,8
yes,0, 34.08 , 3.50 , 0.06 , 179.72 ,yes,no,0,24,0,10
yes,1, 39.08 , 3.42 , 0.03 , 82.66 ,yes,no,0,41,1,12
yes,0, 38.42 , 6.50 , 0.03 , 157.84 ,yes,no,3,60,1,9
yes,0, 20.50 , 2.00 , 0.04 , 63.551669999999994 ,no,no,0,111,1,6
yes,0, 35.58 , 3.58 , 0.05 , 154.86 ,yes,no,2,123,1,7
yes,0, 25.92 , 2.50 , 0.02 , 44.02 ,no,no,0,25,1,10
yes,1, 40.17 , 2.00 , 0.25 , 424.63 ,yes,no,1,121,1,10
yes,0, 30.58 , 2.51 , 0.00 , 4.5833330000000005 ,no,yes,3,36,0,4
no,0, 39.33 , 2.30 , 0.00 , -   ,no,yes,0,46,1,3
no,0, 22.58 , 3.86 , 0.00 , -   ,no,no,1,36,0,4
no,1, 30.33 , 2.18 , 0.00 , -   ,no,yes,0,13,1,1
yes,0, 33.58 , 4.57 , 0.00 , 7.3333330000000005 ,yes,no,0,94,1,19
no,5, 23.92 , 3.1919999999999997 , 0.00 , -   ,no,no,3,12,1,5
yes,0, 40.58 , 4.60 , 0.03 , 101.30 ,yes,no,2,1,1,2
yes,0, 32.83 , 3.70 , 0.01 , 27.00 ,no,yes,0,60,1,7
yes,0, 48.25 , 3.70 , 0.11161860000000001 , 344.16 ,yes,no,2,2,1,0
